MSSubClass,LotArea,OverallQual,OverallCond,Houseage,MasVnrArea,BsmtFinSF1,BsmtUnfSF,TotalBsmtSF,1stFlrSF,GrLivArea,TotRmsAbvGrd,Fireplaces,GarageCars,GarageArea,WoodDeckSF,OpenPorchSF,SalePrice
60,8450,7,5,18,196,706,150,856,856,1710,8,0,2,548,0,61,208500
20,9600,6,8,45,0,978,284,1262,1262,1262,6,1,2,460,298,0,181500
60,11250,7,5,20,162,486,434,920,920,1786,6,1,2,608,0,42,223500
70,9550,7,5,106,0,216,540,756,961,1717,7,1,3,642,0,35,140000
60,14260,8,5,21,350,655,490,1145,1145,2198,9,1,3,836,192,84,250000
50,14115,5,5,28,0,732,64,796,796,1362,5,0,2,480,40,30,143000
20,10084,8,5,17,186,1369,317,1686,1694,1694,7,1,2,636,255,57,307000
60,10382,7,6,48,240,859,216,1107,1107,2090,7,2,2,484,235,204,200000
50,6120,7,5,90,0,0,952,952,1022,1774,8,2,2,468,90,0,129900
190,7420,5,6,82,0,851,140,991,1077,1077,5,2,1,205,0,4,118000
20,11200,5,5,56,0,906,134,1040,1040,1040,5,0,1,384,0,0,129500
60,11924,9,5,16,286,998,177,1175,1182,2324,11,2,3,736,147,21,345000
20,12968,5,6,59,0,737,175,912,912,912,4,0,1,352,140,0,144000
20,10652,7,5,15,306,0,1494,1494,1494,1494,7,1,3,840,160,33,279500
20,10920,6,5,61,212,733,520,1253,1253,1253,5,1,1,352,0,213,157000
45,6120,7,8,92,0,0,832,832,854,854,5,0,2,576,48,112,132000
20,11241,6,7,51,180,578,426,1004,1004,1004,5,1,2,480,0,0,149000
90,10791,4,5,54,0,0,0,0,1296,1296,6,0,2,516,0,0,90000
20,13695,5,5,17,0,646,468,1114,1114,1114,6,0,2,576,0,102,159000
20,7560,5,6,63,0,504,525,1029,1339,1339,6,0,1,294,0,0,139000
60,14215,8,5,16,380,0,1158,1158,1158,2376,9,1,3,853,240,154,325300
45,7449,7,7,91,0,0,637,637,1108,1108,6,1,1,280,0,0,139400
20,9742,8,5,19,281,0,1777,1777,1795,1795,7,1,2,534,171,159,230000
120,4224,5,7,45,0,840,200,1040,1060,1060,6,1,2,572,100,110,129900
20,8246,5,8,53,0,188,204,1060,1060,1060,6,1,1,270,406,90,154000
20,14230,8,5,14,640,0,1566,1566,1600,1600,7,1,3,890,0,56,256300
20,7200,5,7,70,0,234,180,900,900,900,5,0,2,576,222,32,134800
20,11478,8,5,14,200,1218,486,1704,1704,1704,7,1,3,772,0,50,306000
20,16321,5,6,64,0,1277,207,1484,1600,1600,6,2,1,319,288,258,207500
30,6324,4,6,94,0,0,520,520,520,520,4,0,1,240,49,0,68500
70,8500,4,4,101,0,0,649,649,649,1317,6,0,1,250,0,54,40000
20,8544,5,6,55,0,0,1228,1228,1228,1228,6,0,1,271,0,65,149350
20,11049,8,5,14,0,0,1234,1234,1234,1234,7,0,2,484,0,30,179900
20,10552,5,5,62,0,1018,380,1398,1700,1700,6,1,2,447,0,38,165500
120,7313,9,5,16,246,1153,408,1561,1561,1561,6,1,2,556,203,47,277500
60,13418,8,5,17,132,0,1117,1117,1132,2452,9,1,3,691,113,32,309000
20,10859,5,5,27,0,0,1097,1097,1097,1097,6,0,2,672,392,64,145000
20,8532,5,6,67,650,1213,84,1297,1297,1297,5,1,2,498,0,0,153000
20,7922,5,7,68,0,731,326,1057,1057,1057,5,0,1,246,0,52,109000
90,6040,4,5,66,0,0,0,0,1152,1152,6,0,0,0,0,0,82000
20,8658,6,5,56,101,643,445,1088,1324,1324,6,1,2,440,0,138,160000
20,16905,5,6,62,0,967,383,1350,1328,1328,5,2,1,308,0,104,170000
85,9180,5,7,38,0,747,0,840,884,884,5,0,2,504,240,0,144000
20,9200,5,6,46,0,280,167,938,938,938,5,0,1,308,145,0,130250
20,7945,5,6,62,0,179,465,1150,1150,1150,6,0,1,300,0,0,141000
120,7658,9,5,16,412,456,1296,1752,1752,1752,6,1,2,576,196,82,319900
50,12822,7,5,18,0,1351,83,1434,1518,2149,6,1,2,670,168,43,239686
20,11096,8,5,15,0,24,1632,1656,1656,1656,7,0,3,826,0,146,249700
190,4456,4,5,101,0,0,736,736,736,1452,8,0,0,0,0,0,113000
20,7742,5,7,55,0,763,192,955,955,955,6,0,1,386,0,0,127000
60,13869,6,6,24,0,182,612,794,794,1470,6,0,2,388,0,75,177000
50,6240,6,6,87,0,0,816,816,816,1176,6,1,2,528,112,0,114500
90,8472,5,5,58,0,104,0,816,816,816,5,0,2,516,106,0,110000
20,50271,9,5,40,0,1810,32,1842,1842,1842,5,1,3,894,857,72,385000
80,7134,5,5,66,0,384,0,384,1360,1360,6,1,2,572,0,50,130000
20,10175,6,5,57,272,490,935,1425,1425,1425,7,1,2,576,0,0,180500
160,2645,8,5,22,456,649,321,970,983,1739,7,0,2,480,115,0,172500
60,11645,7,5,17,0,0,860,860,860,1720,7,0,2,565,0,70,196500
60,13682,10,5,15,1031,0,1410,1410,1426,2945,10,1,3,641,192,0,438780
20,7200,5,7,49,0,632,148,780,780,780,4,0,1,352,196,0,124900
20,13072,6,5,17,0,941,217,1158,1158,1158,5,0,2,576,0,50,158000
75,7200,5,7,101,0,0,530,530,581,1111,6,0,1,288,0,0,101000
120,6442,8,5,15,178,24,1346,1370,1370,1370,6,1,2,484,120,49,202500
70,10300,7,6,100,0,0,576,576,902,1710,9,0,2,480,12,11,140000
60,9375,7,5,24,573,739,318,1057,1057,2034,8,0,2,645,576,36,219500
60,9591,8,5,17,344,0,1143,1143,1143,2473,9,1,3,852,192,151,317000
20,19900,7,5,51,287,912,1035,1947,2207,2207,7,1,2,576,301,0,180000
20,10665,7,5,18,167,1013,440,1453,1479,1479,7,0,2,558,144,29,226000
30,4608,4,6,76,0,0,747,747,747,747,4,0,1,220,0,0,80000
50,15593,7,4,68,0,603,701,1304,1304,2287,7,1,2,667,0,21,225000
20,13651,7,6,48,1115,1880,343,2223,2223,2223,8,2,2,516,300,0,244000
20,7599,4,6,39,0,565,280,845,845,845,4,0,2,360,0,0,129500
60,10141,7,5,23,40,0,832,832,885,1718,7,1,2,427,0,94,185000
20,10200,5,7,67,104,320,404,1086,1086,1086,6,0,2,490,0,0,144900
50,5790,3,6,106,0,0,840,840,840,1605,8,0,1,379,0,0,107400
180,1596,4,5,48,0,462,0,462,526,988,5,0,1,297,120,101,91000
20,8475,4,7,65,0,228,724,952,952,952,4,0,1,283,0,0,135750
50,8635,5,5,73,0,336,295,672,1072,1285,6,0,1,240,0,0,127000
90,10778,4,5,53,0,0,1768,1768,1768,1768,8,0,0,0,0,0,136500
50,10440,5,6,111,0,0,440,440,682,1230,5,0,2,440,74,0,110000
60,13000,6,6,53,576,448,448,896,1182,2142,8,1,1,509,0,72,193500
120,4500,6,5,23,443,1201,36,1237,1337,1337,5,0,2,405,0,199,153500
20,10206,8,5,14,468,33,1530,1563,1563,1563,6,1,3,758,144,99,245000
20,8892,5,5,61,66,0,1065,1065,1065,1065,6,0,2,461,74,0,126500
80,8530,7,5,26,22,0,384,384,804,1474,7,1,2,400,120,72,168500
60,16059,8,5,30,284,0,1288,1288,1301,2417,9,1,2,462,127,82,260000
60,11911,6,5,16,0,0,684,684,684,1560,6,1,2,400,100,38,174000
160,3951,6,5,12,76,0,612,612,612,1224,4,0,2,528,0,234,164500
50,8470,3,2,106,0,0,1013,1013,1013,1526,6,0,0,0,0,0,85000
20,8070,4,5,27,0,588,402,990,990,990,5,0,0,0,0,0,123600
20,7200,4,5,71,0,0,0,0,1040,1040,4,0,2,420,0,29,109900
20,8500,5,3,60,203,600,635,1235,1235,1235,6,0,2,480,0,0,98600
30,13360,5,7,100,0,713,163,876,964,964,5,0,2,432,0,0,163500
190,7200,6,6,111,0,1046,168,1214,1260,2291,9,1,2,506,0,0,133900
60,9337,6,5,24,0,648,176,824,905,1786,7,0,2,684,0,162,204750
60,9765,6,8,28,68,310,370,680,680,1470,6,1,2,420,232,63,185000
20,10264,7,5,22,183,1162,426,1588,1588,1588,6,0,2,472,158,29,214000
20,10921,4,5,56,48,520,440,960,960,960,6,0,1,432,120,0,94750
30,10625,5,5,101,0,108,350,458,835,835,5,0,1,366,0,0,83000
20,9320,4,5,62,0,569,381,950,1225,1225,6,0,0,0,352,0,128950
20,10603,6,7,44,28,1200,410,1610,1610,1610,6,2,2,480,168,68,205000
60,9206,6,5,36,336,0,741,741,977,1732,7,1,2,476,192,46,178000
90,7018,5,5,42,0,0,0,0,1535,1535,8,0,2,410,0,0,118964
20,10402,7,5,12,0,0,1226,1226,1226,1226,6,0,3,740,0,36,198900
50,7758,7,4,90,600,224,816,1040,1226,1818,7,2,1,240,0,0,169500
60,9375,8,5,18,768,0,1053,1053,1053,1992,9,1,2,648,140,45,250000
30,10800,4,7,136,0,0,641,641,1047,1047,6,0,1,273,0,0,100000
20,6000,5,5,73,0,104,516,789,789,789,5,0,1,250,0,0,115000
50,8500,5,7,102,0,0,793,793,997,1517,7,0,0,0,0,0,115000
20,11751,6,6,44,480,705,1139,1844,1844,1844,7,1,2,546,0,122,190000
50,9525,6,4,67,0,444,550,994,1216,1855,7,0,1,325,182,0,136900
80,7750,7,5,21,0,250,134,384,774,1430,7,1,2,400,180,0,180000
60,9965,7,5,14,220,984,280,1264,1282,2696,10,1,3,792,120,184,383970
20,21000,6,5,68,184,35,905,1809,2259,2259,7,2,2,450,166,120,217000
70,7259,6,8,76,0,774,104,1028,1436,2320,9,1,1,180,224,0,259500
160,3230,6,5,22,1129,419,310,729,729,1458,5,1,2,440,0,32,176000
20,11616,5,5,59,116,170,252,1092,1092,1092,6,1,1,288,0,20,139000
20,8536,5,5,15,0,0,1125,1125,1125,1125,5,0,2,430,80,64,155000
60,12376,7,5,31,0,1470,203,1673,1699,3222,11,2,3,594,367,0,320000
60,8461,6,5,16,0,0,728,728,728,1456,8,1,2,390,0,24,163990
80,21453,6,5,52,0,938,0,938,988,988,4,2,2,540,0,130,180000
50,6060,4,5,82,0,0,732,732,772,1123,4,0,1,264,0,0,100000
20,9464,6,7,63,135,570,510,1080,1080,1080,5,0,1,288,0,0,136000
120,7892,6,5,28,0,300,899,1199,1199,1199,5,0,2,530,0,63,153900
20,17043,6,5,42,0,0,1362,1362,1586,1586,7,1,2,435,192,0,181000
190,6780,6,8,86,0,490,30,520,520,754,5,0,0,0,53,0,84500
120,4928,6,5,45,0,120,958,1078,958,958,5,1,2,440,0,205,128000
45,4388,5,7,91,0,116,556,672,840,840,5,1,0,0,0,0,87000
60,7590,6,5,55,266,512,148,660,660,1348,6,1,2,453,188,108,155000
20,8973,5,7,63,85,567,413,1008,1053,1053,6,0,2,750,0,80,150000
60,14200,7,6,55,309,445,479,924,1216,2157,8,2,2,487,105,66,226000
60,12224,6,5,21,40,695,297,992,1022,2054,7,1,2,390,24,48,244000
20,7388,5,6,62,0,405,658,1063,1327,1327,7,0,2,624,0,0,150750
20,6853,8,5,20,136,1005,262,1267,1296,1296,6,0,2,471,192,25,220000
20,10335,5,6,53,0,570,891,1461,1721,1721,7,1,2,440,0,96,180000
20,10400,7,6,51,288,0,1304,1304,1682,1682,7,1,2,530,98,0,174000
20,10355,5,5,54,196,695,519,1214,1214,1214,5,1,1,318,0,111,143000
90,11070,7,5,33,70,0,1907,1907,1959,1959,9,0,3,766,0,0,171000
60,9066,8,5,22,320,668,336,1004,1004,1852,7,2,3,660,224,106,230000
60,15426,6,5,24,0,821,107,928,928,1764,7,0,2,470,276,99,231500
20,10500,4,5,50,0,432,432,864,864,864,5,1,0,0,0,0,115000
20,11645,7,5,16,0,1300,434,1734,1734,1734,7,0,2,660,160,24,260000
50,8520,5,4,69,0,507,403,910,910,1385,6,0,2,720,0,0,166000
20,10335,7,5,22,183,679,811,1490,1501,1501,6,0,2,577,144,29,204000
90,9100,5,5,58,336,1332,396,1728,1728,1728,10,0,2,504,0,0,125000
160,2522,6,5,17,50,0,970,970,970,1709,7,0,2,380,0,40,130000
30,6120,5,7,90,0,209,506,715,875,875,5,0,1,180,48,0,105000
60,9505,7,5,20,180,0,884,884,884,2035,8,1,2,434,144,48,222500
20,7500,7,5,17,120,680,400,1080,1080,1080,6,0,0,0,0,0,141000
50,6240,5,4,85,0,0,896,896,896,1344,7,0,1,240,200,114,115000
20,10356,5,6,46,0,716,253,969,969,969,5,0,2,440,0,0,122000
20,13891,8,5,14,436,1400,310,1710,1710,1710,6,1,3,866,0,102,372402
60,14803,6,5,50,252,416,409,825,1097,1993,8,1,2,495,0,66,190000
20,13500,6,7,61,0,429,93,1602,1252,1252,4,1,2,564,409,0,235000
30,11340,6,5,98,0,0,1200,1200,1200,1200,7,0,1,312,0,0,125000
50,9600,6,5,97,0,0,572,572,572,1096,5,0,0,0,0,8,79000
20,7200,5,7,71,0,0,0,0,1040,1040,5,0,2,625,0,0,109500
60,12003,8,5,12,84,0,774,774,774,1968,8,1,3,680,0,75,269500
60,12552,7,5,17,0,222,769,991,991,1947,8,1,2,678,0,136,254900
60,19378,7,5,16,456,57,1335,1392,1392,2462,9,1,2,576,239,132,320000
20,11120,6,6,37,0,660,572,1232,1232,1232,6,0,2,516,0,0,162500
60,13688,9,5,18,664,1016,556,1572,1572,2668,10,2,3,726,400,0,412500
20,12182,7,5,16,226,1201,340,1541,1541,1541,7,1,2,532,0,70,220000
45,5500,4,6,65,0,0,882,882,882,882,4,0,0,0,0,0,103200
40,5400,6,7,95,0,370,779,1149,1149,1616,5,0,1,216,0,0,152000
190,10106,5,7,81,0,351,112,644,808,1355,6,0,0,0,140,0,127500
20,10708,5,5,66,0,379,470,1617,1867,1867,7,3,1,303,476,0,190000
60,10562,8,5,14,300,1288,294,1582,1610,2161,8,1,3,789,178,120,325624
60,8244,7,5,17,0,0,840,840,840,1720,7,1,2,440,100,48,183500
20,16669,8,6,40,653,0,1686,1686,1707,1707,6,1,2,511,574,64,228000
50,12358,5,6,80,0,360,360,720,854,1382,7,0,2,660,237,0,128500
20,31770,6,5,61,112,639,441,1080,1656,1656,7,2,2,528,210,62,215000
160,5306,7,7,34,0,495,354,1064,1064,1767,5,1,2,504,441,35,239000
20,10197,6,5,60,491,288,700,1362,1362,1362,6,1,2,504,0,20,163000
20,12416,6,5,35,132,1398,0,1606,1651,1651,7,1,2,616,192,0,184000
20,12615,6,7,71,0,477,725,1202,2158,2158,7,1,2,576,0,29,243000
60,10029,6,5,33,268,831,320,1151,1164,2060,8,1,2,521,0,228,211000
50,13650,5,5,63,0,57,554,1052,1252,1920,8,1,2,451,0,0,172500
20,17423,9,5,13,748,1904,312,2216,2234,2234,9,1,3,1166,0,60,501837
30,8520,5,6,98,0,0,968,968,968,968,5,0,2,480,0,0,100000
160,2117,6,5,21,456,436,320,756,769,1525,5,1,2,440,0,0,177000
70,7588,7,6,101,0,352,441,793,901,1802,9,1,1,216,0,0,200100
20,9060,5,6,64,98,0,0,0,1340,1340,7,1,1,252,116,0,120000
50,11426,7,5,18,0,0,1362,1362,1362,2082,6,0,2,484,280,238,200000
50,7438,5,8,113,0,0,504,504,936,1252,5,0,2,576,104,0,127000
75,22950,10,9,129,0,0,1107,1107,1518,3608,12,2,3,840,0,260,475000
80,9947,7,5,31,0,611,577,1188,1217,1217,6,0,2,497,168,27,173000
50,10410,5,7,105,0,0,660,660,808,1656,8,0,1,180,0,0,135000
90,7018,5,5,42,275,1086,0,1086,1224,1224,6,2,2,528,120,0,153337
120,4923,8,5,20,0,1153,440,1593,1593,1593,5,1,2,682,0,120,286000
70,10570,8,8,89,0,297,556,853,1549,2727,10,2,2,440,0,74,315000
60,7472,7,9,49,138,626,99,725,725,1479,7,0,2,484,0,32,184000
20,9017,7,5,22,0,560,871,1431,1431,1431,6,0,2,666,0,35,192000
160,2522,7,5,17,50,0,970,970,970,1709,7,0,2,380,0,40,130000
20,7180,5,7,49,0,390,474,864,864,864,5,0,1,352,0,0,127000
160,2280,6,6,45,0,566,289,855,855,1456,7,1,2,440,87,0,148500
20,9416,7,5,14,205,1126,600,1726,1726,1726,8,1,3,786,171,138,311872
75,25419,8,4,103,0,1036,140,1360,1360,3112,8,1,2,795,0,16,235000
75,5520,6,6,109,0,0,755,755,929,2229,8,0,0,0,0,198,104000
20,9591,8,5,17,262,1088,625,1713,1713,1713,7,1,3,856,0,26,274900
20,8546,4,5,18,0,0,1121,1121,1121,1121,5,0,2,440,132,64,140000
20,10125,6,6,44,0,641,276,1196,1279,1279,6,2,2,473,238,83,171500
50,7000,6,6,97,0,617,0,617,865,1310,6,0,1,398,0,0,112000
120,4438,6,5,17,205,662,186,848,848,848,3,1,2,420,149,0,149000
50,3500,5,7,74,0,312,408,720,720,1284,5,0,1,240,0,35,110000
20,11851,7,5,31,0,0,1424,1424,1442,1442,5,0,2,500,0,34,180500
20,13673,5,5,59,0,0,1140,1140,1696,1696,8,1,1,349,0,30,143900
20,12493,4,5,61,0,419,375,1100,1100,1100,6,1,1,312,355,0,141000
60,14364,7,5,33,128,1065,92,1157,1180,2062,7,1,2,454,60,55,277000
20,8250,6,7,57,260,787,305,1092,1092,1092,6,0,2,504,0,0,145000
30,5604,5,6,96,0,468,396,864,864,864,5,0,0,0,0,0,98000
20,10420,6,5,12,0,36,1176,1212,1212,1212,6,0,2,460,100,22,186000
60,8640,7,5,12,0,822,78,900,932,1852,7,1,2,644,168,108,252678
20,13568,5,5,26,0,716,274,990,990,990,5,0,2,576,224,0,156000
60,10900,6,7,44,153,378,311,689,689,1392,6,0,1,299,0,36,161750
20,10011,5,6,64,64,360,710,1070,1236,1236,6,1,1,447,0,0,134450
20,8450,7,5,17,266,946,490,1436,1436,1436,8,0,2,484,139,98,210000
70,9906,4,4,96,0,0,686,686,810,1328,8,0,1,210,0,172,107000
50,15660,7,9,82,312,341,457,798,1137,1954,8,2,2,431,0,119,311500
120,3010,7,5,16,16,16,1232,1248,1248,1248,5,0,2,438,108,0,167240
20,8990,7,5,15,0,0,1498,1498,1498,1498,5,0,2,675,351,33,204900
60,8068,6,5,19,0,0,1010,1010,1010,2267,8,1,2,390,120,46,200000
60,11475,6,6,46,0,550,163,713,811,1552,6,1,2,434,209,208,179900
20,10500,4,6,50,0,524,160,864,864,864,4,0,2,576,216,0,97000
20,13472,10,5,18,922,56,2336,2392,2392,2392,8,1,3,968,248,105,386250
160,1680,5,5,50,142,0,630,630,630,1302,6,0,1,280,0,0,112000
60,9950,7,5,26,290,565,638,1203,1214,2520,9,1,3,721,224,114,290000
160,1869,6,6,51,127,321,162,483,483,987,5,0,1,280,0,0,106000
20,8521,5,5,54,0,842,70,912,912,912,5,1,1,336,0,0,125000
120,3182,7,5,16,16,16,1357,1373,1555,1555,7,1,2,430,143,20,192500
20,8760,6,6,62,220,0,1194,1194,1194,1194,6,0,1,312,0,0,148000
60,15138,8,5,26,506,689,773,1462,1490,2794,9,1,3,810,0,146,403000
160,1680,6,5,49,297,0,483,483,483,987,5,1,1,288,0,0,94500
20,10650,5,6,45,0,182,0,894,894,894,5,0,1,308,365,0,128200
60,7851,6,5,19,NA,625,235,860,860,1960,8,2,2,440,288,48,216500
160,1680,6,3,50,604,358,125,483,483,987,5,0,1,264,0,0,89500
20,8773,7,5,17,98,24,1390,1414,1414,1414,6,0,2,494,132,105,185500
60,9453,7,7,28,0,402,594,996,1014,1744,7,0,2,457,370,70,194500
20,12030,8,5,14,254,0,1694,1694,1694,1694,7,0,3,818,168,228,318000
50,8741,6,4,76,0,94,641,735,798,1487,7,1,1,220,0,140,113000
20,9000,8,5,13,36,1078,488,1566,1566,1566,7,0,2,750,144,168,262500
30,3880,5,9,76,0,329,357,686,866,866,4,0,0,0,58,42,110500
50,5000,5,4,121,0,0,540,540,889,1440,6,0,1,352,0,0,79000
160,10762,6,6,41,0,0,626,626,626,1217,6,1,1,288,0,28,120000
60,8880,7,5,27,0,695,253,948,1222,2110,8,2,2,463,0,130,205000
20,10400,7,5,33,102,929,916,1845,1872,1872,6,1,2,604,197,39,241500
190,9142,6,8,111,0,0,1020,1020,908,1928,9,0,1,440,0,60,137000
20,11310,6,5,67,0,0,1367,1367,1375,1375,5,1,2,451,0,30,140000
60,11317,7,5,18,101,0,840,840,840,1668,8,0,2,500,144,68,180000
50,159000,6,7,63,472,697,747,1444,1444,2144,7,2,2,389,0,98,277000
30,5350,3,2,81,0,0,728,728,1306,1306,6,0,0,0,263,0,76500
120,4750,8,5,15,481,1573,0,1573,1625,1625,5,1,2,538,123,0,235000
60,8366,6,5,17,0,0,798,798,798,1640,6,0,2,520,138,45,173000
80,9350,6,7,57,108,270,452,1302,1302,1302,7,0,1,309,333,0,158000
20,8400,5,6,64,0,922,392,1314,1314,1314,5,0,1,294,250,0,145000
60,8738,7,5,22,302,0,975,975,1005,2291,8,1,2,429,192,0,230000
60,8791,6,5,18,0,503,361,864,864,1728,7,0,2,673,216,56,207500
20,8814,7,5,15,180,1334,270,1604,1604,1604,8,1,2,660,123,110,220000
60,12435,7,5,20,172,361,602,963,963,1792,7,1,2,564,0,96,231500
20,12702,5,5,65,0,0,0,0,882,882,4,0,1,308,0,45,97000
80,19296,6,5,59,399,672,0,1362,1382,1382,6,1,2,884,0,0,176000
60,9588,8,5,14,270,0,1482,1482,1482,2574,10,1,3,868,0,148,276000
80,8471,6,7,44,46,506,0,506,1212,1212,6,1,2,492,292,12,151000
50,5500,5,7,92,0,234,0,926,926,1316,6,0,2,484,0,0,130000
30,5232,5,5,96,0,0,680,680,764,764,4,0,2,504,0,0,73000
20,12090,6,6,40,210,588,606,1422,1422,1422,7,1,2,576,276,0,175500
60,11207,6,5,24,0,714,88,802,802,1511,8,1,2,413,95,75,185000
75,8400,5,8,82,0,378,342,720,1052,2192,8,1,1,240,262,24,179500
30,6900,5,6,81,0,403,212,740,778,778,4,1,1,924,0,25,120500
20,7917,6,7,45,174,751,392,1143,1113,1113,6,1,1,504,370,30,148000
60,10728,8,5,15,0,0,1095,1095,1095,1939,8,1,3,1053,192,51,266000
20,39104,7,7,67,0,226,96,1385,1363,1363,5,2,2,439,81,0,241500
60,11764,8,7,22,348,524,628,1152,1164,2270,9,1,3,671,132,57,290000
20,9600,6,6,63,183,620,0,1240,1632,1632,6,1,1,338,289,0,139000
20,8314,5,7,39,0,546,270,816,816,816,5,0,1,264,168,0,124500
50,7264,7,7,96,0,0,952,952,952,1548,5,0,2,672,74,0,205000
20,9196,7,5,18,0,0,1560,1560,1560,1560,7,0,2,573,100,150,201000
20,19138,4,5,70,0,120,744,864,864,864,4,0,2,400,0,0,141000
20,14450,9,5,15,315,0,2121,2121,2121,2121,8,1,3,732,124,98,415298
60,10005,7,5,44,299,392,768,1160,1156,2022,8,1,2,505,288,117,192000
60,11287,7,6,32,340,421,386,807,1175,1982,7,1,2,575,0,84,228500
20,7200,6,5,15,68,905,357,1262,1262,1262,5,0,2,572,0,120,185000
120,5063,7,5,14,166,904,410,1314,1314,1314,6,1,2,626,172,62,207500
20,9612,8,5,13,72,0,1468,1468,1468,1468,6,1,3,898,210,150,244600
120,8012,6,5,29,0,430,1145,1575,1575,1575,5,0,2,529,0,0,179200
160,4251,7,5,15,0,0,625,625,625,1250,5,0,2,528,0,54,164700
50,9786,6,7,59,0,600,312,912,1085,1734,7,1,2,440,0,0,159000
20,8125,4,4,50,0,614,244,858,858,858,5,0,0,0,0,0,88000
20,9819,5,5,54,31,450,432,882,900,900,5,0,1,280,0,0,122000
70,8730,6,7,106,0,0,698,698,698,1396,7,0,1,384,0,0,153575
60,15611,8,5,15,0,0,1079,1079,1079,1919,8,1,2,685,0,51,233230
190,5687,5,6,109,0,210,570,780,936,1716,9,0,0,0,0,184,135900
50,11409,5,4,72,0,292,476,768,1148,1716,8,1,1,281,0,0,131000
60,16659,7,7,44,34,795,0,795,1468,2263,9,1,2,539,0,250,235000
20,9600,6,5,68,238,1285,131,1416,1644,1644,7,2,2,418,110,0,167000
80,7937,6,6,37,0,819,184,1003,1003,1003,6,0,2,588,120,0,142500
50,13710,5,5,71,0,420,490,910,910,1558,6,0,1,282,289,0,152000
60,7399,7,5,24,1600,649,326,975,975,1950,7,1,2,576,0,10,239000
60,11700,6,6,53,365,384,143,702,1041,1743,7,1,2,539,224,0,175000
20,14000,6,8,71,0,0,1092,1092,1152,1152,6,1,1,300,0,36,158500
190,15750,5,5,68,56,841,324,1165,1336,1336,5,2,1,375,0,0,157000
60,16226,8,5,23,0,281,747,1028,1210,2452,9,1,2,683,208,50,267000
20,13704,7,5,20,150,0,1541,1541,1541,1541,6,1,3,843,468,81,205000
20,9800,5,7,49,0,894,0,894,894,894,5,0,2,552,256,0,149900
75,18386,7,9,141,0,0,1470,1470,1675,3493,10,1,3,870,302,0,295000
20,10386,8,5,17,246,1464,536,2000,2000,2000,8,0,3,888,168,0,305900
60,13474,7,5,31,246,700,0,700,1122,2243,8,1,3,746,127,44,225000
50,7920,6,7,101,0,0,319,319,1035,1406,6,0,0,0,0,144,89500
30,12342,4,5,81,0,262,599,861,861,861,4,0,2,539,158,0,82500
20,12378,9,5,18,0,1274,622,1896,1944,1944,8,3,3,708,208,175,360000
60,7685,6,5,28,112,518,179,697,697,1501,6,1,2,420,190,63,165600
20,8000,6,6,73,0,680,292,972,972,972,5,1,1,240,0,0,132000
190,7800,5,7,82,0,507,286,793,793,1118,5,1,2,410,0,0,119900
20,215245,7,5,56,0,1236,80,2136,2036,2036,8,2,2,513,0,0,375000
70,9600,7,7,96,0,16,712,728,832,1641,6,1,2,546,0,0,178000
60,7795,7,5,17,0,425,291,716,716,1432,6,1,2,432,100,51,188500
60,13005,7,7,41,278,692,153,845,1153,2353,10,1,2,484,288,195,260000
60,9000,8,5,15,0,0,1088,1088,1088,1959,8,1,3,1025,208,46,270000
60,9900,7,5,28,256,987,360,1347,1372,2646,9,1,3,656,340,60,260000
80,14115,7,5,41,225,1036,336,1372,1472,1472,6,2,2,588,233,48,187500
60,16259,9,5,15,370,0,1249,1249,1249,2596,9,0,3,840,240,154,342643
60,12099,8,5,17,388,970,166,1136,1136,2468,10,1,3,872,184,154,354000
60,10380,7,5,35,172,28,0,1502,1553,2730,8,1,2,576,201,96,301000
20,5820,3,8,66,0,256,906,1162,1163,1163,6,0,1,220,142,98,126175
80,11275,7,7,54,300,0,710,710,1898,2978,11,1,2,564,240,0,242000
45,5000,5,6,80,0,116,604,720,803,803,5,0,2,360,0,0,87000
120,10846,8,5,28,0,1619,100,1719,1719,1719,6,2,2,473,122,30,324000
20,11600,6,5,61,175,565,818,1383,1383,1383,7,0,1,292,0,45,145250
75,11888,6,6,105,0,0,844,844,1445,2134,10,0,2,441,0,60,214500
70,6402,5,5,101,0,0,596,596,596,1192,6,0,1,189,0,0,78000
90,10624,5,4,57,84,40,1424,1728,1728,1728,10,0,1,352,155,0,119000
20,8176,5,6,63,0,846,210,1056,1056,1056,6,0,1,308,0,0,139000
20,10655,8,5,18,296,1124,1603,3206,1629,1629,7,1,3,880,0,0,284000
120,8198,7,5,17,146,720,638,1358,1358,1358,6,1,2,484,192,30,207000
60,9042,6,5,23,0,828,115,943,943,1638,7,2,2,472,100,38,192000
190,164660,5,6,56,0,1249,103,1499,1619,1786,7,2,2,529,670,0,228950
20,14157,9,5,16,200,1249,673,1922,1922,1922,8,1,3,676,178,51,377426
20,9135,7,5,19,113,810,726,1536,1536,1536,7,0,2,532,192,74,214000
20,14145,7,7,37,0,213,995,1208,1621,1621,8,0,2,440,108,45,202500
20,12400,6,7,63,176,585,630,1215,1215,1215,6,0,1,297,0,0,155000
60,14191,8,5,19,0,0,967,967,993,1908,9,0,2,431,135,0,202900
20,8400,4,4,71,0,0,721,721,841,841,4,0,1,294,250,0,82000
90,8544,3,4,72,340,0,0,0,1040,1040,6,0,2,400,0,0,87500
120,8849,9,5,16,616,28,1656,1684,1684,1684,6,1,2,564,495,72,266000
160,2592,5,3,45,0,129,175,536,536,1112,4,0,1,336,182,0,85000
50,6435,6,5,82,0,0,972,972,972,1577,6,1,1,312,0,0,140200
20,12772,6,8,61,0,498,460,958,958,958,5,0,1,301,0,0,151500
20,17600,6,5,61,30,1270,208,1478,1478,1478,6,2,2,498,0,40,157500
160,2448,7,5,18,106,573,191,764,764,1626,6,0,2,474,0,27,154000
60,20431,9,5,16,870,1410,438,1848,1848,2728,10,2,3,706,0,0,437154
120,7820,9,5,14,362,0,1869,1869,1869,1869,6,1,2,617,210,54,318061
120,5271,7,5,35,0,1082,371,1453,1453,1453,6,1,2,445,0,80,190000
50,9084,5,6,80,0,236,0,616,616,1111,5,0,1,200,48,0,95000
30,8520,6,8,93,0,0,624,624,720,720,5,0,2,484,106,0,105900
50,8400,6,5,81,0,388,552,940,1192,1595,6,2,1,240,0,0,140000
20,11249,6,5,26,0,334,322,1200,1200,1200,6,0,2,521,0,26,177500
20,9248,6,6,29,106,560,598,1158,1167,1167,6,0,2,400,120,26,173000
120,4224,5,5,45,0,874,268,1142,1142,1142,6,1,2,528,536,90,134000
80,6930,5,4,63,120,300,468,1062,1352,1352,6,0,1,288,168,0,130000
60,12011,8,5,23,530,956,130,1086,1086,1924,7,1,2,592,208,75,280000
85,7540,6,6,43,0,773,115,888,912,912,5,1,2,470,0,0,156000
50,9144,5,5,81,0,399,484,883,988,1505,8,0,1,240,0,0,145000
85,7301,7,5,18,500,0,0,0,495,1922,7,1,2,672,0,0,198500
160,1680,6,8,49,510,162,321,483,483,987,5,0,1,264,250,0,118000
60,18800,6,5,45,120,712,84,796,790,1574,6,1,2,566,306,111,190000
70,10690,5,7,101,0,456,216,672,672,1344,6,0,1,468,0,128,147000
20,9500,6,5,58,247,609,785,1394,1394,1394,6,2,2,514,0,76,159000
80,9150,6,5,59,305,371,728,1099,1431,1431,6,1,1,296,64,110,165000
20,7800,5,6,67,200,540,728,1268,1268,1268,7,1,1,244,0,98,132000
20,9830,5,7,62,0,72,733,1063,1287,1287,7,1,2,576,364,17,162000
60,8121,6,5,21,0,0,953,953,953,1664,7,1,2,460,100,40,172400
50,17120,4,4,62,0,0,0,0,1120,1588,7,1,2,680,0,59,134432
120,7175,6,5,37,0,623,0,744,752,752,4,0,1,264,353,0,125000
20,10634,5,6,68,0,428,0,608,1319,1319,5,0,1,270,66,0,123000
60,8200,7,5,18,0,0,847,847,847,1928,8,1,2,434,100,48,219500
30,10020,1,1,99,0,350,333,683,904,904,4,0,0,0,0,0,61000
85,8846,5,5,25,0,298,572,870,914,914,5,0,2,576,0,0,148000
60,11143,8,5,17,0,0,1580,1580,1580,2466,8,1,2,610,159,214,340000
20,11394,9,2,11,350,1445,411,1856,1856,1856,8,1,3,834,113,0,394432
60,8123,6,5,21,16,0,982,982,1007,1800,7,1,2,463,100,63,179000
50,5000,5,6,97,0,218,808,1026,1026,1691,6,1,1,308,0,0,127000
20,7200,7,5,15,0,0,1293,1293,1301,1301,5,1,2,572,216,121,187750
60,9245,7,5,15,0,0,939,939,939,1797,8,0,2,639,144,53,213500
45,9000,6,3,93,0,0,784,784,784,784,5,0,2,360,0,0,76000
60,53107,6,5,29,0,985,595,1580,1079,1953,9,2,2,501,216,231,240000
120,3182,8,5,17,16,24,1232,1256,1269,1269,6,1,2,430,146,20,192000
50,8410,5,3,111,0,0,658,658,658,1184,8,0,0,0,0,151,81000
80,7200,6,6,45,255,631,410,1041,1125,1125,6,1,1,352,296,0,125000
20,9382,7,5,22,125,0,1468,1468,1479,1479,6,0,2,577,120,25,191000
60,12474,10,5,14,272,1280,402,1682,1742,2332,9,1,3,846,196,134,426000
50,8405,5,8,121,0,241,229,861,961,1367,7,0,1,384,0,130,119000
60,12209,6,5,20,0,690,114,804,804,1961,7,1,2,560,125,192,215000
20,8339,5,7,62,0,0,0,0,882,882,5,0,1,294,0,0,106500
30,7446,4,5,80,0,266,522,788,788,788,4,2,0,0,0,0,100000
50,10134,5,6,81,0,0,735,735,735,1034,5,0,1,240,0,39,109000
20,9571,5,6,65,0,739,405,1144,1144,1144,6,0,1,596,44,0,129000
20,7200,5,5,49,0,777,117,894,894,894,6,0,2,600,215,0,123000
60,7590,5,5,59,288,540,324,864,876,1812,8,1,1,264,0,168,169500
30,8967,5,2,101,0,0,961,961,1077,1077,6,0,1,338,0,0,67000
60,8125,7,5,15,100,812,280,1092,1112,1550,7,0,2,438,0,168,241000
120,14963,8,5,25,0,786,474,1260,1288,1288,4,2,2,500,120,30,245500
20,8767,7,5,16,0,24,1286,1310,1310,1310,6,1,2,400,0,0,164990
30,10200,5,8,81,0,0,672,672,672,672,4,0,1,240,168,0,108000
60,12090,8,5,23,650,0,1141,1141,1165,2263,10,1,2,420,144,123,258000
60,10364,6,5,26,0,0,806,806,806,1572,7,1,2,373,0,40,168000
20,9991,4,4,45,0,1116,165,1281,1620,1620,8,1,2,490,120,78,150000
50,10480,6,5,85,0,0,1064,1064,1166,1639,6,0,1,240,0,0,115000
70,15576,6,7,106,0,0,840,840,840,1680,8,0,1,308,0,0,177000
60,14154,7,5,15,350,0,1063,1063,1071,2172,9,1,3,947,192,62,280000
60,10800,8,5,14,100,789,245,1034,1050,2078,8,1,3,836,0,102,339750
20,9571,5,3,63,0,0,1276,1276,1276,1276,5,0,1,350,0,0,60000
190,34650,5,5,66,0,1056,0,1056,1056,1056,5,0,2,572,264,0,145000
20,4403,7,5,12,432,578,892,1470,1478,1478,7,1,2,484,0,144,222000
30,8960,5,6,94,0,0,1008,1008,1028,1028,5,1,2,360,0,0,115000
60,11228,7,5,28,0,50,499,1080,1080,2097,9,1,3,678,196,187,228000
20,8899,7,5,14,0,24,1316,1340,1340,1340,6,0,2,396,100,30,181134
60,7844,6,7,43,203,209,463,672,672,1400,6,1,2,440,0,0,149500
70,22420,6,6,103,0,1128,242,1370,1370,2624,10,1,3,864,0,0,239000
50,8160,5,6,81,0,312,444,756,756,1134,7,0,1,240,0,0,126000
20,8450,5,6,53,0,775,281,1056,1056,1056,6,1,1,304,0,85,142000
90,7060,7,5,24,200,1309,35,1344,1344,1344,8,0,4,784,0,0,206300
20,16635,6,7,44,126,1246,356,1602,1602,1602,8,1,2,529,240,0,215000
20,21750,5,5,67,0,0,988,988,988,988,4,0,2,520,0,0,113000
60,9200,8,5,23,473,986,484,1470,1470,2630,8,1,3,696,0,66,315000
20,9000,6,5,65,74,616,580,1196,1196,1196,6,1,1,297,0,44,139000
60,3378,7,8,75,0,0,651,651,707,1389,6,2,1,240,0,0,135000
80,12800,7,5,32,145,1518,0,1518,1644,1644,5,1,2,569,80,0,275000
20,8593,4,6,64,0,288,619,907,907,907,5,0,1,352,0,0,109008
20,6762,7,5,14,108,664,544,1208,1208,1208,6,0,2,628,105,54,195400
20,11457,6,5,33,0,1005,387,1392,1412,1412,6,1,2,576,0,0,175000
160,1680,6,5,50,232,387,96,483,483,987,4,0,1,264,0,0,85400
50,5586,6,7,101,0,0,901,901,1088,1198,7,0,0,0,0,98,79900
160,1920,5,5,50,376,471,294,765,765,1365,6,0,2,440,240,36,122500
60,10839,6,5,24,0,0,926,926,926,1604,7,1,2,470,0,36,181000
180,1890,4,7,49,0,495,135,630,630,630,3,0,0,0,88,0,81000
60,10667,7,6,25,0,385,70,799,827,1661,6,1,2,550,158,61,212000
50,4400,6,8,101,0,0,648,648,734,1118,6,0,2,440,0,0,116000
45,6000,6,7,95,0,0,884,884,904,904,4,0,1,180,0,0,119000
30,4280,5,6,108,0,365,75,440,694,694,4,1,1,352,0,0,90350
50,12354,6,8,101,0,0,684,684,684,1196,7,0,2,528,0,46,110000
20,15431,10,5,13,200,1767,788,3094,2402,2402,10,2,3,672,0,72,555000
90,12108,4,4,66,270,133,1307,1440,1440,1440,8,0,0,0,0,0,118000
50,6240,5,7,91,0,0,1078,1078,1128,1573,8,1,2,360,0,0,162900
120,3922,7,5,15,72,0,1258,1258,1258,1258,6,1,3,648,144,16,172500
60,8750,7,5,27,0,642,273,915,933,1908,8,1,2,493,144,133,210000
20,9855,6,5,65,0,0,1436,1436,1689,1689,7,1,2,480,0,0,127500
20,16492,6,6,55,0,247,557,1517,1888,1888,6,1,2,578,0,0,190000
60,11214,7,5,23,0,0,930,930,956,1886,10,1,2,431,89,0,199900
50,8600,6,6,84,0,0,780,780,780,1376,7,1,1,198,0,0,119500
50,6000,3,7,73,0,331,318,649,679,1183,6,0,1,308,0,176,120000
30,5684,6,8,91,0,0,813,813,813,813,5,0,1,270,0,113,110000
20,70761,7,5,46,0,655,878,1533,1533,1533,5,2,2,576,200,54,280000
60,9303,6,5,25,42,742,130,872,888,1756,7,0,2,422,144,122,204000
60,9000,8,5,13,0,0,768,768,786,1590,6,0,2,676,0,30,210000
90,9297,5,5,45,0,1606,122,1728,1728,1728,8,0,2,560,0,0,188000
20,9600,7,6,48,320,916,326,1242,1242,1242,6,1,2,528,0,0,175500
70,4571,5,5,105,0,0,624,624,624,1344,7,0,3,513,0,0,98000
20,53227,4,6,67,0,1116,248,1364,1663,1663,6,2,2,529,224,137,256000
70,5100,8,7,96,0,0,588,588,833,1666,7,1,1,228,192,63,161000
50,7015,5,4,71,161,185,524,709,979,1203,5,1,1,352,0,0,110000
60,8004,8,5,12,110,544,288,832,832,1935,8,0,2,552,0,150,263435
70,7200,7,9,85,0,350,0,560,575,1135,6,0,2,576,256,0,155000
20,8281,5,5,56,0,553,0,864,864,864,5,1,1,360,0,0,62383
70,11988,6,7,87,0,326,389,715,849,1660,6,1,1,240,0,0,188700
20,8430,5,5,43,136,616,424,1040,1040,1040,5,0,0,0,0,0,124000
120,3072,7,5,17,18,0,1375,1375,1414,1414,6,1,2,398,144,20,178740
20,10628,7,5,51,0,778,499,1277,1277,1277,5,1,2,526,0,0,167000
70,9480,5,7,79,224,386,342,728,888,1644,7,2,1,312,168,0,146500
20,11428,8,5,15,248,0,1626,1626,1634,1634,7,1,3,866,0,44,250000
60,9291,6,5,28,120,426,406,832,832,1710,7,0,2,506,144,70,187000
120,6820,8,5,36,0,368,0,1488,1502,1502,4,0,2,528,0,54,212000
60,11952,7,6,44,0,0,808,808,1161,1969,8,1,2,534,0,0,190000
180,3675,6,5,16,80,459,88,547,1072,1072,5,0,2,525,0,28,148000
20,14977,8,5,15,304,1350,626,1976,1976,1976,7,1,3,908,250,63,440000
120,5330,8,5,21,0,1196,298,1494,1652,1652,6,0,2,499,96,48,251000
20,8480,5,6,58,0,630,340,970,970,970,5,0,2,624,0,24,132500
20,13125,6,5,24,215,994,484,1478,1493,1493,7,1,2,508,140,39,208900
60,13693,9,5,15,772,0,2153,2153,2069,2643,9,1,3,694,414,84,380000
20,10637,8,5,14,336,1288,417,1705,1718,1718,7,1,3,826,208,44,297000
30,5925,4,7,84,435,168,739,907,1131,1131,7,0,2,672,0,72,89471
20,16033,9,5,17,378,1261,572,1833,1850,1850,8,1,3,772,519,112,326000
20,11846,9,5,18,562,1567,225,1792,1792,1792,6,1,3,874,206,49,374000
70,2500,7,8,106,0,299,611,910,916,1826,7,1,1,164,0,0,155000
120,4500,6,5,23,116,897,319,1216,1216,1216,5,0,2,402,0,125,164000
20,7758,5,7,59,0,588,411,999,999,999,6,0,1,264,0,132,132500
20,9600,5,7,71,0,607,506,1113,1113,1113,5,1,1,264,0,80,147000
20,10289,5,7,56,168,836,237,1073,1073,1073,6,0,2,515,0,0,156000
20,12243,5,6,50,0,998,486,1484,1484,1484,7,1,2,487,224,0,175000
190,10800,5,4,121,0,664,290,954,1766,2414,10,1,2,520,142,0,160000
180,1526,4,8,51,0,515,115,630,630,630,3,0,1,286,0,0,86000
160,2665,5,6,45,0,0,264,264,616,1304,4,1,1,336,141,24,115000
50,9490,6,7,80,0,403,238,806,958,1578,5,2,1,240,0,0,133000
60,15578,6,5,15,0,0,728,728,728,1456,8,0,2,429,0,0,172785
20,7931,5,6,61,0,374,363,1269,1269,1269,6,1,1,308,0,0,155000
30,5784,5,8,83,0,0,190,190,886,886,4,0,1,273,144,20,91300
30,7879,4,5,101,0,495,225,720,720,720,4,0,0,0,0,523,34900
20,12692,8,5,29,0,1231,1969,3200,3228,3228,10,1,2,546,264,75,430000
50,9120,7,6,96,0,329,697,1026,1133,1820,8,0,1,240,0,100,184000
20,7800,5,7,54,89,450,414,864,899,899,5,0,1,288,64,0,130000
20,7535,5,7,63,0,111,522,912,912,912,5,0,1,297,12,285,120000
160,1890,6,5,48,285,356,316,672,672,1218,7,0,1,264,144,28,113000
60,9803,7,5,16,0,400,466,866,866,1768,7,0,2,603,0,108,226700
20,9170,5,7,56,0,698,420,1214,1214,1214,6,0,2,461,0,0,140000
20,15602,7,8,62,0,1247,254,1501,1801,1801,6,2,2,484,0,54,289000
160,2308,6,5,47,0,257,103,855,855,1322,6,1,2,440,260,0,147000
90,7596,5,5,69,360,0,960,960,960,1960,10,0,2,400,0,0,124500
60,9554,8,5,28,125,380,397,777,1065,1911,8,1,2,471,182,81,215000
20,7862,6,5,12,0,27,1191,1218,1218,1218,4,0,2,676,0,102,208300
70,9600,7,9,93,0,141,548,689,689,1378,7,1,2,360,0,0,161000
20,9600,5,6,62,132,991,50,1041,1041,1041,6,0,1,270,224,88,124500
20,14559,5,7,70,70,650,178,1008,1363,1363,6,2,1,288,324,42,164900
120,6792,7,5,16,94,0,1368,1368,1368,1368,6,1,2,474,132,35,202665
20,9100,5,5,63,0,521,169,864,864,864,5,0,2,624,0,0,129900
20,9187,6,5,38,0,336,748,1084,1080,1080,5,0,2,484,120,0,134000
45,10594,5,5,95,0,0,768,768,789,789,5,0,1,200,0,0,96500
20,12220,10,5,12,305,1436,570,2006,2020,2020,9,1,3,900,156,54,402861
80,10448,6,6,49,333,0,689,689,1378,2119,7,1,2,583,0,104,158000
60,10208,7,5,25,921,0,1264,1264,1277,2344,7,1,3,889,220,0,265000
60,9531,6,5,23,0,706,88,794,882,1796,7,0,2,546,0,36,211000
70,10918,7,9,95,0,0,1276,1276,1276,2080,9,2,1,282,0,0,234000
190,10800,4,7,121,0,0,0,0,694,1294,7,0,0,0,220,114,106250
20,11988,6,6,64,0,777,467,1244,1244,1244,6,2,1,336,0,40,150000
50,5000,6,7,74,0,399,605,1004,1004,1664,7,2,2,420,0,24,159000
60,40094,10,5,14,762,2260,878,3138,3138,4676,11,1,3,884,208,406,184750
60,11787,7,5,25,594,719,660,1379,1383,2398,8,1,3,834,239,60,315750
20,7500,7,5,16,0,0,1257,1257,1266,1266,6,1,2,453,38,144,176000
20,13300,5,7,65,0,377,551,928,928,928,4,0,1,252,261,0,132000
60,14948,9,5,13,268,1330,122,1452,1476,2713,11,1,3,858,126,66,446261
30,9098,4,7,101,0,348,180,528,605,605,5,0,0,0,0,0,86000
20,32668,6,3,64,NA,1219,816,2035,2515,2515,9,2,2,484,0,0,200624
80,10200,6,5,33,219,783,678,1461,1509,1509,5,1,2,600,224,0,175000
70,6155,6,8,101,0,0,611,611,751,1362,6,0,2,502,0,0,128000
20,7200,5,7,66,0,0,0,0,827,827,5,1,1,392,0,0,107500
20,5000,1,3,75,0,0,0,0,334,334,2,0,0,0,0,0,39300
60,9056,8,5,17,0,0,707,707,707,1414,6,1,2,403,100,35,178000
190,7000,5,7,111,0,969,148,1117,820,1347,5,0,0,0,85,0,107500
60,8924,7,5,23,0,0,880,880,880,1724,8,0,2,527,120,155,188000
20,12735,4,5,49,0,600,264,864,864,864,5,0,2,576,216,0,111250
20,11553,5,5,53,188,673,378,1051,1159,1159,7,1,1,336,466,0,158000
20,11423,8,5,20,479,1358,223,1581,1601,1601,6,1,2,670,180,0,272000
20,14601,9,5,15,584,1260,578,1838,1838,1838,8,1,3,765,270,68,315000
60,11000,8,5,21,72,0,969,969,997,2285,8,1,3,648,0,56,248000
20,10140,7,5,23,0,144,379,1650,1680,1680,7,1,2,583,78,73,213250
120,4058,7,5,23,182,584,0,723,767,767,4,0,1,367,120,40,133000
60,17104,7,5,15,0,554,100,654,664,1496,7,1,2,426,100,24,179665
50,13837,7,5,33,178,1002,0,1204,1377,2183,9,0,3,786,0,0,229000
50,8737,6,7,98,0,300,765,1065,915,1635,6,1,2,440,0,38,210000
85,7244,5,7,51,0,619,149,768,768,768,5,0,2,624,104,0,129500
20,8235,5,7,66,0,180,0,825,825,825,4,0,2,720,140,50,125000
60,9375,7,5,18,0,0,912,912,912,2094,8,1,2,615,182,182,263000
120,4043,6,6,44,0,559,510,1069,1069,1069,4,0,2,440,0,55,140000
20,6000,5,6,64,0,308,620,928,928,928,5,0,1,288,0,0,112500
20,11146,8,5,15,250,0,1709,1709,1717,1717,7,1,3,908,169,39,255500
20,8777,4,5,72,0,0,0,0,1126,1126,5,0,2,520,0,96,108000
60,10625,7,5,18,292,866,132,998,1006,2046,8,1,3,871,320,62,284000
45,6380,5,6,99,0,0,993,993,1048,1048,5,1,1,280,0,0,113000
20,14850,5,5,64,0,895,197,1092,1092,1092,6,1,1,299,268,0,141000
50,11040,4,6,101,0,637,0,637,897,1336,7,0,1,570,0,47,108000
60,21872,7,5,25,0,604,125,729,729,1446,6,1,2,406,264,22,175000
120,3196,7,5,18,18,0,1374,1374,1557,1557,7,1,2,420,143,20,234000
20,11341,5,6,64,180,1302,90,1392,1392,1392,5,1,2,528,0,0,121500
20,10010,5,5,47,0,1071,195,1389,1389,1389,6,1,2,418,240,38,170000
30,13907,5,6,81,0,290,706,996,996,996,6,1,0,0,144,0,108000
50,21780,6,7,103,0,0,1163,1163,1163,1674,8,1,2,396,72,36,185000
60,13346,7,5,29,0,728,367,1095,1166,2295,9,1,2,590,0,40,268000
70,6858,6,4,106,0,0,806,806,841,1647,6,0,1,216,0,66,128000
60,11198,9,5,16,245,0,1122,1122,1134,2504,11,1,3,656,144,39,325000
20,10171,7,5,17,168,2,1515,1517,1535,1535,7,0,2,532,0,0,214000
50,12327,8,8,38,0,1441,55,1496,1496,2132,5,1,2,612,349,40,316600
90,7032,5,5,42,0,943,0,943,943,943,4,2,2,600,42,0,135960
90,13101,5,5,56,108,231,1497,1728,1728,1728,10,0,2,576,0,0,142600
20,7332,6,6,62,207,414,450,864,864,864,4,0,1,288,168,0,120000
60,13159,7,5,12,0,0,846,846,846,1692,6,0,2,650,208,114,224500
80,9967,7,5,21,0,0,384,384,774,1430,8,1,2,400,100,0,170000
80,10500,5,7,50,82,349,23,372,576,1109,5,0,1,288,35,0,139000
50,8480,5,5,74,0,442,390,832,832,1216,6,0,1,336,158,0,118500
50,6292,7,7,93,0,0,861,861,877,1477,6,1,1,216,0,50,145000
80,11777,5,6,55,97,328,285,1164,1320,1320,6,2,2,564,160,68,164500
160,3604,7,5,14,0,0,689,689,703,1392,5,0,2,540,0,102,146000
50,12150,5,5,67,335,0,1050,1050,1050,1795,7,0,1,352,0,0,131500
20,14585,6,6,61,85,594,331,1144,1429,1429,7,2,2,572,216,110,181900
20,12704,8,5,13,306,0,2042,2042,2042,2042,8,1,3,1390,0,90,253293
90,11841,6,5,31,104,816,0,816,816,816,5,0,0,0,0,32,118500
75,13500,10,9,128,0,0,1237,1237,1521,2775,9,1,2,880,105,502,325000
50,6120,4,7,86,0,0,884,884,989,1573,6,0,1,240,0,0,133000
20,11443,8,5,16,208,1460,408,1868,2028,2028,7,2,3,880,326,66,369900
30,10267,6,7,103,0,210,0,816,838,838,5,0,1,275,0,0,130000
85,8740,5,6,39,0,672,168,840,860,860,4,0,2,528,0,0,137000
20,25095,5,8,53,0,1324,113,1437,1473,1473,5,2,1,452,0,48,143000
40,9100,5,6,91,0,0,742,742,779,935,4,0,1,308,0,0,79500
60,8320,7,5,17,0,490,280,770,770,1582,6,0,2,520,0,45,185900
60,13478,10,5,13,420,1338,384,1722,1728,2296,10,1,3,842,382,274,451950
20,6600,5,8,39,0,816,0,816,816,816,4,0,2,816,0,0,138000
120,4435,6,5,18,170,685,163,848,848,848,4,0,2,420,140,0,140000
20,7990,5,6,46,0,0,924,924,924,924,5,0,1,280,0,0,110000
20,11302,8,5,16,238,1422,392,1814,1826,1826,7,1,3,758,180,75,319000
70,3600,6,7,111,0,0,684,684,684,1368,7,0,1,216,0,158,114504
120,3922,7,5,15,72,0,1258,1258,1402,1402,7,1,3,648,120,16,194201
20,12984,5,6,44,459,1283,0,1430,1647,1647,7,1,2,621,0,0,217500
160,1950,6,6,41,0,81,23,716,716,1556,6,1,2,452,161,0,151000
60,10927,8,5,16,280,546,512,1058,1058,1904,8,1,2,736,179,60,275000
50,9000,6,6,84,0,0,780,780,780,1375,6,1,1,544,0,162,141000
60,10041,8,5,29,0,789,119,908,927,1915,8,1,2,506,120,150,220000
160,3182,7,5,17,0,0,600,600,600,1200,4,0,2,480,0,172,151000
20,12803,7,5,19,99,922,572,1494,1494,1494,6,1,2,530,192,36,221000
60,13600,7,6,56,176,454,314,768,1186,1986,7,3,2,486,0,42,205000
20,12464,5,5,25,0,732,308,1040,1040,1040,6,0,2,576,168,0,152000
20,7800,5,8,73,0,603,293,896,1112,2008,8,0,1,230,103,0,225000
70,12168,8,6,87,0,428,537,965,1940,3194,10,2,2,380,0,0,359100
20,7943,4,5,60,192,903,126,1029,1029,1029,5,0,1,261,64,0,118500
60,11050,9,5,21,204,904,536,1440,1476,2153,8,2,3,736,253,142,313000
80,10395,6,6,43,233,605,427,1032,1032,1032,6,1,2,564,0,0,148000
60,11885,8,5,20,108,990,309,1299,1299,1872,7,1,2,531,160,122,261500
20,8402,5,5,14,0,206,914,1120,1120,1120,6,0,0,0,0,30,147000
180,1491,4,6,49,0,150,0,630,630,630,3,0,0,0,96,24,75500
85,8800,6,7,58,156,763,173,936,1054,1054,6,0,2,480,120,0,137500
60,7861,6,5,19,0,457,326,783,807,1509,7,1,2,393,100,75,183200
45,7227,6,6,67,0,0,832,832,832,832,4,0,2,528,0,0,105500
20,11694,9,5,14,452,48,1774,1822,1828,1828,9,1,3,774,0,108,314813
60,12244,8,5,18,226,871,611,1482,1482,2262,10,2,3,749,168,0,305000
30,8248,3,3,107,0,41,823,864,864,864,5,0,0,0,0,0,67000
60,10800,6,7,47,0,956,384,1522,1548,2614,9,1,2,624,38,243,240000
20,7064,5,6,44,153,560,420,980,980,980,6,0,2,484,192,0,135000
160,2117,6,5,21,513,420,336,756,756,1512,4,1,2,440,0,32,168500
60,10400,6,5,49,288,247,485,732,1012,1790,8,1,2,484,148,0,165150
20,10000,6,6,59,261,0,1116,1116,1116,1116,5,0,2,440,0,0,160000
20,12342,5,5,61,0,0,978,978,1422,1422,6,1,1,286,0,0,139900
80,9600,6,6,66,164,674,350,1156,1520,1520,7,2,1,364,0,0,153000
60,11606,5,5,52,192,650,390,1040,1040,2080,9,2,2,504,335,0,135000
80,9020,6,5,57,259,624,288,1248,1350,1350,6,0,2,520,176,0,168500
70,9000,5,6,141,0,0,636,636,1089,1750,8,0,1,240,0,0,124000
120,4590,8,5,15,108,24,1530,1554,1554,1554,6,1,2,627,156,73,209500
20,11900,7,5,44,209,822,564,1386,1411,1411,6,1,2,544,192,0,82500
20,9250,5,7,67,0,480,108,1056,1056,1056,6,0,1,260,390,0,139400
90,6979,6,5,41,0,1056,0,1056,1056,1056,4,0,2,576,264,56,144000
190,10896,6,7,107,0,256,1184,1440,1440,3395,14,0,0,0,0,110,200000
30,6120,2,3,85,0,0,264,264,800,800,4,1,0,0,0,0,60000
190,6000,5,4,67,0,0,811,811,811,1387,7,0,1,256,0,0,93000
30,8777,5,7,111,0,0,796,796,796,796,4,0,0,0,328,0,85000
120,3982,8,5,15,0,1154,366,1520,1567,1567,7,1,3,648,312,0,264561
120,12677,8,5,18,472,1218,300,1518,1518,1518,6,1,2,588,185,140,274000
60,7050,7,5,20,0,738,319,1057,1057,1929,7,1,2,650,0,235,226000
80,13860,8,7,49,0,1410,542,1952,2000,2704,9,3,2,538,269,111,345000
60,10793,5,5,52,263,493,0,780,780,1620,7,0,2,462,208,0,152000
20,9187,9,5,12,162,1121,645,1766,1766,1766,7,1,3,478,195,130,370878
20,10530,6,5,50,0,282,664,981,981,981,5,0,2,576,0,312,143250
20,7200,5,5,71,0,0,0,0,1048,1048,7,0,2,420,0,27,98300
20,10452,6,5,68,216,500,594,1094,1094,1094,5,2,2,495,0,0,155000
60,7700,6,5,55,351,0,756,756,1051,1839,7,1,2,442,0,124,155000
180,1936,4,6,51,0,131,0,630,630,630,3,0,0,0,0,0,84500
60,8125,7,6,14,NA,0,813,813,822,1665,7,0,2,562,0,0,205950
70,9084,4,5,81,0,0,755,755,755,1510,7,1,1,296,120,0,108000
60,8750,7,5,25,0,0,880,880,909,1716,7,1,2,512,0,120,191000
50,10320,6,7,115,0,0,756,756,756,1469,7,0,1,216,57,0,135000
20,10437,8,6,26,660,1696,413,2109,2113,2113,7,1,3,839,236,46,350000
160,1680,6,5,50,381,0,525,525,525,1092,6,0,1,264,0,0,88000
20,10007,5,7,62,54,806,247,1053,1053,1053,5,0,1,312,0,0,145500
70,7200,7,6,90,0,0,776,776,851,1502,6,1,1,270,0,0,149000
50,17503,6,5,73,0,0,912,912,912,1458,6,1,1,330,192,0,97500
20,9937,5,7,57,0,637,849,1486,1486,1486,7,0,2,480,0,0,167000
60,12384,7,7,45,233,0,793,793,1142,1935,7,1,2,550,0,113,197900
60,46589,8,7,27,528,1361,88,1629,1686,2448,8,1,3,711,517,76,402000
20,13560,6,3,53,216,0,1392,1392,1392,1392,5,2,2,576,0,0,110000
85,10012,4,5,49,0,920,38,1138,1181,1181,6,0,2,588,0,0,137500
20,20896,8,5,16,0,1721,356,2077,2097,2097,8,1,3,1134,192,267,423000
60,11194,8,5,21,40,0,1406,1406,1454,1936,7,1,2,504,188,124,230500
60,18450,6,5,56,113,187,111,1021,1465,2380,7,1,2,596,0,265,129000
20,8125,6,5,27,258,1138,270,1408,1679,1679,7,1,2,575,224,42,193500
20,14175,5,6,65,0,988,200,1188,1437,1437,6,1,2,576,304,0,168000
30,11600,4,5,99,0,0,700,700,1180,1180,5,1,1,252,0,0,137500
60,8633,6,5,16,0,193,545,738,738,1476,7,0,2,540,100,35,173500
70,6629,6,6,96,0,551,121,672,697,1369,6,0,1,300,147,0,103600
20,11250,6,6,44,0,767,441,1208,1208,1208,6,1,2,546,198,42,165000
20,14442,6,7,64,106,1186,291,1477,1839,1839,7,2,2,416,0,87,257500
20,9200,6,6,56,0,892,244,1136,1136,1136,5,1,1,384,426,0,140000
160,2289,6,6,43,0,311,544,855,855,1441,7,1,2,440,28,0,148500
70,9600,4,2,121,0,0,1095,1095,1095,1774,8,0,3,779,0,0,87000
30,9022,5,8,97,0,0,768,768,792,792,5,0,1,240,316,0,109500
20,11844,8,5,13,464,0,2046,2046,2046,2046,7,1,3,834,322,82,372500
20,9945,5,5,60,57,827,161,988,988,988,5,0,2,572,0,0,128500
120,8012,6,5,41,0,543,261,923,923,923,5,1,1,264,80,0,143000
50,4500,5,5,89,0,182,611,793,848,1520,6,0,1,281,0,0,159434
120,2887,6,5,25,0,1003,288,1291,1291,1291,6,1,2,431,307,0,173000
20,11248,9,5,19,215,1059,567,1626,1668,1668,7,1,3,702,257,45,285000
60,16770,7,5,23,30,0,1195,1195,1195,1839,7,0,2,486,0,81,221000
160,5062,7,5,37,0,828,180,1190,1190,2090,6,1,2,577,219,0,207500
60,10207,7,6,14,0,0,874,874,874,1761,7,0,2,578,144,105,227875
160,5105,7,5,17,0,239,312,551,551,1102,4,0,2,480,0,60,148800
20,8089,8,6,14,0,945,474,1419,1419,1419,7,1,2,567,140,0,392000
120,7577,6,5,16,256,20,1342,1362,1362,1362,6,1,2,460,192,28,194700
120,4426,6,5,17,147,697,151,848,848,848,3,1,2,420,149,0,141000
60,21535,10,6,27,1170,1455,989,2444,2444,4316,10,2,3,832,382,50,755000
60,26178,7,5,32,293,965,245,1210,1238,2519,9,2,2,628,320,27,335000
30,5400,5,6,100,0,0,1073,1073,1073,1073,4,0,1,326,0,0,108480
50,6120,5,6,85,0,0,927,927,1067,1539,5,0,2,576,112,0,141500
20,13811,6,6,34,72,980,92,1112,1137,1137,5,1,2,551,125,0,176000
30,6000,5,7,100,0,616,0,616,616,616,4,0,1,205,0,0,89000
20,6420,5,7,69,0,210,219,980,1148,1148,6,0,1,308,0,0,123500
20,8450,5,8,56,0,553,224,894,894,894,5,1,1,336,416,144,138500
120,4282,7,5,17,0,16,1375,1391,1391,1391,5,0,2,530,156,158,196000
20,14331,8,5,19,630,1274,526,1800,1800,1800,7,1,3,765,270,78,312500
20,9600,7,5,52,168,0,1164,1164,1164,1164,6,0,2,528,0,0,140000
60,12438,8,5,15,466,0,1234,1234,1264,2576,10,1,3,666,324,100,361919
190,7630,5,9,121,0,0,360,360,1032,1812,8,1,2,672,344,0,140000
20,8400,7,5,17,109,712,761,1473,1484,1484,7,0,2,606,0,35,213000
190,5600,4,5,91,0,0,0,0,372,1092,7,0,0,0,0,0,55000
20,115149,7,5,50,351,1219,424,1643,1824,1824,5,2,2,739,380,48,302000
120,6240,8,5,15,176,863,461,1324,1324,1324,6,1,2,550,192,38,254000
60,9018,7,5,14,0,0,728,728,728,1456,8,1,2,400,100,24,179540
20,7162,5,7,55,41,0,876,876,904,904,6,0,1,408,0,0,109900
30,4130,3,6,86,0,0,270,270,729,729,5,0,0,0,0,0,52000
50,8712,4,7,121,0,0,859,859,859,1178,7,0,1,384,68,0,102776
120,4671,8,5,33,0,767,461,1228,1228,1228,5,1,2,472,168,120,189000
190,9873,4,5,51,160,789,171,960,960,960,6,0,2,576,0,288,129000
60,13517,6,8,45,289,533,192,725,725,1479,6,0,2,475,0,44,130500
20,10140,6,5,47,174,0,1064,1064,1350,1350,7,1,2,478,0,0,165000
70,10800,7,8,131,0,0,718,718,1576,2554,8,0,2,704,0,48,159500
20,10000,5,6,48,0,1084,92,1176,1178,1178,5,1,2,439,224,0,157000
60,10542,7,5,28,651,1173,138,1311,1325,2418,9,1,3,983,250,154,341000
20,9920,5,6,52,0,523,448,971,971,971,5,1,1,300,0,0,128500
120,6563,8,5,36,0,1148,594,1742,1742,1742,5,1,2,564,114,28,275000
120,4426,6,5,17,169,662,186,848,848,848,3,0,2,420,160,0,143000
20,8120,4,7,51,0,191,673,864,864,864,5,0,2,463,0,0,124500
50,8172,4,6,67,0,0,941,941,997,1470,7,0,1,548,0,0,135000
20,13286,9,5,14,340,1234,464,1698,1698,1698,8,1,3,768,327,64,320000
20,6960,4,6,51,0,375,250,864,864,864,5,0,2,660,96,0,120500
20,21695,6,9,33,260,808,72,880,1680,1680,5,1,2,540,292,44,222000
20,7314,7,5,14,82,724,508,1232,1232,1232,6,0,2,632,132,0,194500
90,11475,5,5,63,95,0,1584,1584,1776,1776,9,0,3,888,0,25,110000
30,6240,4,5,96,0,152,628,780,848,1208,5,0,2,539,0,23,103000
120,5389,8,5,26,0,1180,415,1595,1616,1616,5,1,2,608,237,152,236500
80,9590,7,5,18,442,786,82,868,1146,1146,6,1,2,438,160,22,187500
60,11404,7,5,23,202,252,901,1153,1153,2031,8,1,2,541,192,84,222500
20,10000,5,6,60,0,594,270,864,1144,1144,6,1,1,264,165,0,131400
20,8978,5,5,53,0,0,948,948,948,948,6,0,1,300,147,0,108000
75,10800,7,7,107,0,390,490,880,880,1768,6,2,2,320,0,341,163000
90,8544,3,4,71,0,0,0,0,1040,1040,6,0,2,400,0,0,93500
60,10463,8,5,16,0,0,893,893,901,1801,8,1,3,800,0,116,239900
90,10800,5,5,34,0,1200,0,1200,1200,1200,5,0,0,0,120,0,179000
60,9313,7,5,17,0,0,864,864,864,1728,7,0,2,572,187,56,190000
70,9600,5,7,111,0,0,264,264,768,1432,7,0,2,360,270,0,132000
20,6768,6,8,60,0,832,80,912,912,912,5,0,1,288,168,0,142000
20,8450,7,5,21,108,0,1349,1349,1349,1349,6,0,2,539,120,55,179000
80,12886,5,6,58,0,444,76,520,1464,1464,6,1,2,480,302,0,175000
120,5395,8,5,28,0,733,604,1337,1337,1337,5,1,2,462,96,0,180000
60,8963,8,9,45,289,575,487,1142,1175,2715,11,2,2,831,0,204,299800
60,8795,7,5,21,0,300,652,952,980,2256,8,1,2,554,224,54,236000
70,11700,7,7,141,0,0,1240,1240,1320,2640,8,1,4,864,181,0,265979
20,10593,7,5,25,338,919,801,1720,1720,1720,7,1,2,527,240,56,260400
50,8405,4,3,76,0,0,0,0,1088,1529,9,0,1,240,92,0,98000
50,8800,4,7,111,0,0,576,576,792,1140,7,0,0,0,0,160,96500
60,7750,7,5,18,0,0,660,660,660,1320,6,0,2,400,0,48,162000
20,9236,6,5,24,0,1200,279,1479,1494,1494,6,0,2,576,168,27,217000
60,10240,8,5,16,178,0,1030,1030,1038,2098,8,1,3,878,192,52,275500
20,7930,6,8,52,0,439,115,1026,1026,1026,5,0,2,440,171,48,156000
160,3230,6,5,22,894,381,348,729,742,1471,6,0,2,440,0,24,172500
60,10769,8,5,14,0,20,846,866,866,1768,7,0,2,578,144,105,212000
60,11616,6,5,43,328,438,234,672,672,1386,6,1,2,440,335,0,158900
160,2280,7,5,22,360,549,195,744,757,1501,6,0,2,440,0,0,179400
60,12257,8,5,26,513,56,1198,1318,1328,2531,9,1,3,752,222,98,290000
20,9100,6,6,62,0,612,252,864,864,864,5,0,1,300,0,0,127500
30,6911,5,5,97,0,405,740,1145,1301,1301,5,0,2,440,0,0,100000
60,8640,7,5,12,0,24,732,756,764,1547,7,0,2,614,169,45,215200
60,9430,8,5,22,673,1163,89,1252,1268,2365,8,1,3,856,0,128,337000
120,9549,8,5,26,0,437,0,1494,1494,1494,6,1,2,481,0,30,270000
20,14587,9,5,13,284,0,1498,1498,1506,1506,6,1,2,592,0,174,264132
60,10421,7,5,33,42,394,586,980,980,1714,7,1,2,496,228,66,196500
50,12508,6,7,81,0,660,323,983,983,1750,7,0,1,423,245,0,160000
20,9100,7,5,17,0,24,1836,1860,1836,1836,8,1,2,484,120,33,216837
60,53504,8,5,18,603,1416,234,1650,1690,3279,12,1,3,841,503,36,538000
85,7252,5,5,39,0,685,173,858,858,858,5,0,2,576,120,0,134900
20,8877,4,5,70,0,836,0,836,1220,1220,6,0,2,396,0,0,102000
80,7819,6,5,45,0,422,480,1029,1117,1117,6,1,2,672,144,0,107000
20,10150,5,5,63,1,456,456,912,912,912,5,0,1,275,0,0,114500
20,14226,8,5,15,375,0,1935,1935,1973,1973,9,1,3,895,315,45,395000
120,4500,6,5,23,320,866,338,1204,1204,1204,5,0,2,412,0,247,162000
20,11210,7,5,16,240,20,1594,1614,1614,1614,7,0,3,865,144,59,221500
20,13350,5,5,47,0,762,102,864,894,894,5,1,2,440,241,0,142500
90,8400,5,5,44,320,0,0,0,2020,2020,10,2,2,630,0,0,144000
90,10530,6,5,44,90,975,0,975,1004,1004,4,0,2,504,0,0,135000
20,7875,7,5,26,38,0,1237,1237,1253,1253,6,1,2,402,220,21,176000
60,7153,6,5,29,0,387,374,761,810,1603,7,0,2,484,0,124,175900
20,16285,7,5,20,0,0,1413,1413,1430,1430,6,0,2,605,0,33,187100
85,9101,5,6,43,104,1097,0,1097,1110,1110,4,1,2,602,303,30,165500
75,6300,6,6,107,0,0,742,742,742,1484,9,1,0,0,0,291,128000
20,9790,6,5,54,0,251,491,1372,1342,1342,7,1,2,457,0,0,161500
50,10800,5,6,106,0,686,0,686,966,1652,7,0,1,416,0,0,139000
60,10142,7,5,17,0,656,300,956,956,2084,8,0,2,618,0,45,233000
20,6000,4,7,67,0,0,901,901,901,901,4,0,1,281,0,0,107900
60,12205,6,8,55,157,568,264,832,976,2087,9,0,2,444,133,168,187500
120,3182,7,5,16,11,16,1129,1145,1145,1145,5,1,2,397,100,16,160200
80,11333,6,5,45,0,539,490,1029,1062,1062,5,2,2,539,120,0,146800
60,9920,7,5,25,0,862,255,1117,1127,2013,8,1,2,455,180,130,269790
20,9158,8,5,14,140,0,1496,1496,1496,1496,7,0,2,474,168,130,225000
60,10832,7,5,27,0,0,712,712,1086,1895,7,1,2,409,143,46,194500
60,8400,6,6,41,130,0,650,650,888,1564,7,1,2,476,0,50,171000
20,8197,6,5,44,148,0,660,660,1285,1285,7,1,2,528,138,0,143500
20,7677,5,5,68,0,570,203,773,773,773,4,0,1,240,0,0,110000
60,13518,9,5,13,860,0,1926,1926,1966,3140,11,2,3,820,144,78,485000
50,7200,5,7,84,252,569,162,731,981,1768,7,2,1,240,0,0,175000
60,12798,6,5,24,0,462,154,616,616,1688,8,0,2,603,403,114,200000
30,4800,4,7,105,0,197,999,1196,1196,1196,5,0,2,440,0,0,109900
60,8199,7,5,16,0,648,80,728,728,1456,7,1,2,410,36,18,189000
60,13891,9,5,13,424,0,1734,1734,1734,2822,12,1,3,1020,52,170,582933
20,9000,5,5,67,0,812,124,936,1128,1128,5,0,1,286,0,0,118000
20,12274,7,5,13,256,0,1417,1417,1428,1428,6,0,2,554,0,60,227680
80,9750,5,5,54,0,400,100,980,980,980,6,0,1,384,68,0,135500
70,21384,5,6,98,0,1309,15,1324,1072,1576,6,1,2,528,0,312,223500
80,13400,5,5,55,1047,516,380,1024,1086,1086,6,1,2,484,0,0,159950
75,8100,5,5,123,0,0,849,849,1075,2138,11,0,2,360,40,156,106000
20,10140,6,6,47,99,663,0,1040,1309,1309,5,1,2,484,265,0,181000
120,4438,6,5,17,169,662,186,848,848,848,4,1,2,420,140,0,144500
20,8712,5,5,69,0,0,540,540,1044,1044,4,0,2,504,0,0,55993
20,9750,6,6,63,243,608,834,1442,1442,1442,7,0,1,301,0,0,157900
50,8248,5,7,103,0,0,686,686,686,1250,7,0,1,280,207,0,116000
20,12137,7,5,23,442,0,1649,1649,1661,1661,6,0,2,598,0,34,224900
20,11425,5,6,67,0,486,522,1008,1008,1008,4,1,1,275,0,0,137000
20,13265,8,5,19,148,1218,350,1568,1689,1689,7,2,3,857,150,59,271000
80,8816,6,7,50,80,504,506,1010,1052,1052,6,0,2,440,0,0,155000
120,6371,7,5,12,128,733,625,1358,1358,1358,6,1,2,484,192,35,224000
60,7226,7,5,18,0,0,798,798,798,1640,6,0,2,595,0,45,183000
20,6000,4,4,68,0,0,936,936,936,936,4,0,2,576,0,32,93000
60,12394,7,5,18,0,0,847,847,847,1733,7,1,2,433,100,48,225000
50,9900,6,7,81,0,0,778,778,944,1489,7,1,1,240,335,0,139500
20,11216,8,5,15,0,0,1489,1489,1489,1489,7,1,2,776,0,140,232600
20,14803,10,5,14,816,1636,442,2078,2084,2084,7,1,3,1220,188,45,385000
45,6130,5,6,97,0,784,0,784,784,784,5,0,0,0,0,0,109500
20,8529,7,5,20,0,20,1434,1454,1434,1434,6,1,2,527,290,39,189000
60,28698,5,5,54,0,249,0,1013,1160,2126,7,0,2,538,486,0,185000
160,2544,7,5,16,0,0,600,600,520,1223,4,0,2,480,0,166,147400
20,11900,6,5,64,387,1040,352,1392,1392,1392,6,2,2,458,0,0,166000
160,3180,7,5,16,0,0,600,600,520,1200,4,0,2,480,0,166,151000
60,9548,7,6,18,223,483,458,941,941,1829,7,1,2,613,192,39,237000
20,10004,6,6,57,180,196,975,1516,1516,1516,6,0,2,472,0,0,167000
20,7875,5,6,60,136,572,572,1144,1144,1144,6,0,2,456,0,0,139950
20,9600,4,7,71,0,442,625,1067,1067,1067,4,0,2,436,290,0,128000
30,8100,5,6,73,0,338,1221,1559,1559,1559,5,0,2,812,0,116,153500
160,1680,6,5,48,158,330,153,483,483,987,5,0,1,264,0,0,100000
20,9525,5,6,26,0,0,1099,1099,1099,1099,6,0,1,352,278,0,144000
50,11767,5,6,75,0,352,416,768,768,1200,6,0,1,240,0,0,130500
70,12155,6,8,96,0,156,516,672,810,1482,7,0,1,400,0,0,140000
70,10440,5,8,117,0,0,650,650,958,1539,8,1,2,686,70,78,157500
80,9020,6,7,55,183,312,276,1127,1165,1165,6,0,2,490,0,129,174900
90,8000,5,4,60,0,0,1800,1800,1800,1800,10,0,0,0,0,0,141000
50,12665,5,8,106,0,0,876,876,876,1416,7,1,3,720,418,0,153900
85,16647,5,5,46,0,1390,0,1390,1701,1701,6,2,2,611,0,0,171000
60,9317,7,5,28,137,513,227,740,1006,1775,7,1,2,425,234,72,213000
20,15523,5,6,49,0,460,404,864,864,864,5,1,1,338,0,0,133500
50,45600,6,8,113,0,0,907,907,1307,2358,10,1,2,360,486,40,240000
80,9600,6,7,45,360,0,528,528,1094,1855,7,1,2,512,113,100,187000
120,4435,6,5,18,170,659,189,848,848,848,3,0,2,420,140,0,131500
120,3196,8,5,18,40,0,1273,1273,1456,1456,7,1,2,400,143,20,215000
75,7128,7,5,80,0,364,554,918,918,1646,7,2,1,240,0,0,164000
80,12095,6,6,57,115,564,563,1127,1445,1445,7,1,2,645,180,0,158000
20,17920,5,4,66,0,306,372,1763,1779,1779,6,1,2,454,0,418,170000
20,6897,5,8,59,0,659,381,1040,1040,1040,6,0,1,260,0,104,127000
80,10970,6,6,43,0,505,0,940,1026,1026,5,0,2,576,0,0,147000
60,8125,6,5,27,0,0,702,702,702,1481,6,1,2,343,0,36,174000
20,10400,7,5,45,189,0,1090,1090,1370,1370,6,1,2,479,0,0,152000
60,11029,6,7,53,220,619,435,1054,1512,2654,9,1,2,619,0,65,250000
50,7642,7,8,103,0,0,912,912,912,1426,7,1,1,216,0,240,189950
190,11625,5,4,56,0,841,198,1039,1039,1039,6,0,2,504,0,0,131500
20,9672,6,5,37,0,338,702,1040,1097,1097,6,0,2,480,0,0,152000
20,7931,5,5,62,0,1148,0,1148,1148,1148,6,0,1,672,0,0,132500
20,8640,7,5,14,0,0,1372,1372,1372,1372,6,0,2,529,0,140,250580
20,8750,5,6,51,76,828,174,1002,1002,1002,5,0,2,902,0,0,148500
20,10656,8,5,15,274,0,1638,1638,1646,1646,6,1,3,870,192,80,248900
20,6970,4,5,60,0,932,108,1040,1120,1120,5,0,2,544,168,0,129000
60,14762,5,6,73,0,0,0,0,1547,2320,7,1,2,672,120,144,169000
60,9938,7,5,28,246,750,300,1050,1062,1949,8,1,2,574,156,90,236000
20,6600,5,5,59,0,0,894,894,894,894,5,0,1,308,0,0,109500
60,8750,6,5,23,116,505,299,804,804,1682,7,0,2,523,0,77,200500
20,8892,5,7,68,0,0,105,105,910,910,5,0,2,414,196,0,116000
40,12144,5,7,72,0,375,457,832,1036,1268,6,1,1,288,0,28,133000
50,5720,5,6,80,0,0,676,676,676,1131,5,0,1,200,26,0,66500
60,9000,8,5,14,0,64,1120,1184,1184,2610,11,1,2,550,208,364,303477
20,25286,4,5,58,0,633,431,1064,1040,1040,5,0,2,648,0,0,132250
60,8834,9,5,17,216,1170,292,1462,1462,2224,10,1,3,738,184,0,350000
85,11782,5,7,60,0,899,210,1109,1155,1155,6,0,2,576,192,0,148000
20,7000,5,8,43,90,646,218,864,864,864,6,0,1,336,0,0,136500
20,7024,5,5,16,0,980,110,1090,1090,1090,5,0,2,450,0,49,157000
50,13758,7,5,31,117,902,254,1156,1187,1717,7,1,2,400,168,36,187500
60,9636,6,5,29,0,0,808,808,808,1593,7,1,2,389,342,40,178000
75,6204,4,5,109,0,0,795,795,954,2230,10,0,1,440,0,188,118500
20,7150,5,5,54,60,432,460,892,892,892,5,0,1,288,0,0,100000
120,5119,9,5,22,60,1238,460,1698,1709,1709,5,1,2,506,97,65,328900
90,8393,5,5,62,122,528,1098,1626,1712,1712,8,0,2,588,272,54,145000
50,16466,5,7,66,0,0,816,816,872,1393,8,0,1,300,121,0,135500
20,15865,8,6,51,0,351,1043,2217,2217,2217,8,1,2,621,81,207,268000
20,12160,6,4,68,90,1024,481,1505,1505,1505,6,1,2,505,0,0,149500
50,8064,5,7,72,0,0,672,672,672,924,6,1,2,576,0,0,122900
60,11184,6,5,43,92,226,192,918,918,1683,7,1,2,440,243,0,172500
20,8414,6,8,58,0,663,396,1059,1068,1068,6,0,1,264,192,0,154500
20,13284,5,5,67,0,1064,319,1383,1383,1383,6,1,1,354,511,116,165000
90,7018,5,5,42,0,0,0,0,1535,1535,8,0,2,400,0,0,118858
60,7056,6,5,58,415,400,380,780,983,1796,8,1,2,483,0,50,140000
30,8765,4,6,85,0,285,666,951,951,951,6,0,1,327,0,28,106500
90,7018,5,5,42,0,0,0,0,1120,2240,12,0,2,528,154,0,142953
20,12919,9,5,12,760,2188,142,2330,2364,2364,11,2,3,820,0,67,611657
20,6993,5,7,60,0,465,447,912,1236,1236,6,1,1,288,0,0,135000
20,7340,4,6,50,0,322,536,858,858,858,4,0,1,684,0,0,110000
20,8712,5,7,64,0,860,132,992,1306,1306,5,0,1,756,0,0,153000
60,7875,7,5,18,0,0,783,783,807,1509,8,1,2,393,0,75,180000
20,14859,7,5,15,27,0,1670,1670,1670,1670,7,1,3,690,144,60,240000
20,6173,5,6,54,75,599,277,876,902,902,6,0,1,288,0,0,125500
20,9920,5,5,67,110,354,412,1056,1063,1063,6,0,1,280,0,0,128000
20,13501,8,5,15,208,63,1560,1623,1636,1636,8,1,3,865,0,60,255000
50,11500,7,7,85,0,223,794,1017,1020,2057,6,1,1,180,0,0,250000
20,8885,5,5,38,0,301,239,864,902,902,5,0,2,484,164,0,131000
60,12589,6,5,16,0,0,742,742,742,1484,8,1,2,390,36,24,174000
90,11600,5,5,61,361,443,662,1105,1105,2274,12,0,2,480,0,0,154300
20,9286,5,7,44,0,196,1072,1268,1268,1268,5,0,1,252,173,0,143500
30,6120,5,7,96,0,489,279,768,1015,1015,6,0,1,450,0,0,88000
90,6270,5,6,72,0,284,717,1001,1001,2002,8,0,3,871,0,0,145000
160,3000,6,5,12,76,294,318,612,612,1224,4,0,2,528,0,234,173733
160,2001,4,5,51,80,0,546,546,546,1092,6,0,1,286,0,0,75000
20,9000,2,3,72,0,50,430,480,480,480,4,0,1,308,0,0,35311
20,17140,4,6,65,0,1059,75,1134,1229,1229,6,0,1,284,0,0,135000
60,13125,7,5,30,0,48,422,1104,912,2127,8,1,3,833,72,192,238000
20,11029,6,8,63,0,528,245,1184,1414,1414,6,1,2,601,0,51,176500
60,8462,6,5,27,105,814,114,928,936,1721,7,0,2,471,300,87,201000
90,8777,5,7,121,0,1084,188,1272,1272,2200,9,0,0,0,0,70,145900
20,10237,6,5,16,0,28,1288,1316,1316,1316,6,1,2,397,100,0,169990
120,8012,6,5,28,0,165,598,1604,1617,1617,5,1,2,533,0,69,193000
20,10240,6,6,41,157,625,0,1686,1686,1686,7,1,2,612,384,131,207500
20,15611,5,6,44,0,767,266,1126,1126,1126,6,0,2,540,180,0,175000
60,11999,8,5,18,340,0,1181,1181,1234,2374,10,1,3,656,104,100,285000
60,9900,7,5,53,342,552,280,832,1098,1978,9,1,2,486,0,43,176000
20,11838,8,5,20,0,0,1753,1753,1788,1788,7,1,2,522,202,151,236500
60,13006,7,5,24,285,0,964,964,993,2236,8,1,2,642,0,0,222000
20,8925,8,5,14,0,16,1450,1466,1466,1466,7,0,3,610,100,18,201000
20,9100,5,6,56,0,338,121,925,925,925,5,0,1,429,0,0,117500
20,11670,9,5,15,302,0,1905,1905,1905,1905,8,1,3,788,0,191,320000
20,8487,7,5,17,210,20,1480,1500,1500,1500,6,0,2,570,192,36,190000
20,27650,7,7,61,0,425,160,585,2069,2069,9,1,2,505,0,0,242000
30,5825,4,5,95,108,0,600,600,747,747,5,0,2,528,0,0,79900
20,10083,7,5,18,NA,833,343,1176,1200,1200,5,0,2,555,0,41,184900
60,9675,7,5,16,0,341,772,1113,1113,1971,8,1,2,689,0,48,253000
60,8760,7,5,15,0,464,927,1391,1391,1962,7,0,3,868,0,90,239799
70,24090,7,7,81,0,0,1032,1032,1207,2403,10,2,1,349,56,0,244400
90,12640,6,5,45,0,936,396,1728,1728,1728,8,0,2,574,40,0,150900
60,8755,7,5,22,298,772,220,992,1022,2060,8,1,2,390,0,0,214000
90,7711,4,3,44,0,1440,0,1440,1440,1440,8,0,0,0,321,0,150000
90,25000,5,4,54,0,0,1632,1632,1632,1632,8,0,2,576,0,0,143000
20,14375,6,6,63,541,111,354,819,1344,1344,7,1,2,525,0,118,137500
50,8820,5,6,131,0,1088,0,1088,1188,1869,7,0,2,456,48,0,124900
80,8163,5,6,62,128,748,102,1144,1144,1144,6,1,1,796,86,0,143000
20,14536,8,5,19,236,1300,316,1616,1629,1629,9,1,3,808,0,252,270000
60,14006,7,5,19,144,0,936,936,936,1776,7,1,2,474,144,96,192500
20,9360,6,7,49,0,982,179,1161,1381,1381,5,1,2,676,0,0,197500
20,7200,5,8,71,0,398,317,864,864,864,5,0,2,720,194,0,129000
20,7800,5,5,56,0,641,187,828,965,965,6,0,1,300,421,0,119900
85,7200,5,8,49,0,660,108,768,768,768,5,0,1,396,192,0,133900
60,11075,5,4,52,232,562,29,784,1168,1968,7,1,2,530,305,189,172000
90,9400,6,5,46,250,945,0,945,980,980,4,0,0,0,0,0,127500
90,7136,6,6,75,423,484,495,979,979,1958,8,0,2,492,0,0,145000
160,1300,6,6,41,0,285,276,561,561,1229,5,1,2,462,150,0,124000
20,7420,5,5,59,0,417,640,1057,1057,1057,6,0,2,576,0,0,132000
20,8450,7,5,18,0,699,638,1337,1337,1337,6,0,2,531,0,39,185000
160,2572,7,5,22,0,604,92,696,696,1416,6,0,2,484,0,44,155000
20,7207,5,7,63,0,696,162,858,858,858,4,0,0,0,117,0,116500
60,12227,6,7,44,424,896,434,1330,1542,2872,11,1,2,619,550,282,272000
160,2308,6,6,45,0,556,248,804,804,1548,7,1,2,440,48,0,155000
20,11923,9,5,14,0,0,1800,1800,1800,1800,7,0,2,702,288,136,239000
60,11316,7,5,19,44,624,193,817,824,1894,8,1,2,510,0,40,214900
60,10237,6,5,16,0,0,783,783,783,1484,8,1,2,393,0,72,178900
50,9600,5,7,81,0,428,300,728,976,1308,7,2,1,256,0,70,160000
20,7390,5,7,66,151,902,196,1098,1098,1098,6,0,1,260,0,0,135000
50,5925,3,6,111,0,0,600,600,600,968,6,0,0,0,0,0,37900
190,10382,6,5,63,105,513,75,588,1095,1095,6,0,1,264,0,0,140000
50,10800,4,4,72,0,0,720,720,720,1192,6,0,0,0,0,0,135000
160,2268,7,5,18,106,567,197,764,764,1626,6,0,2,474,0,27,173000
120,7892,6,5,42,0,0,918,918,918,918,5,1,1,264,28,0,99500
20,11639,7,5,14,NA,0,1428,1428,1428,1428,6,0,2,480,0,120,182000
70,11414,7,8,111,0,0,728,728,1136,2019,8,0,2,532,509,135,167500
160,2651,7,5,21,0,641,32,673,673,1382,6,0,2,490,153,50,165000
30,5900,4,7,98,0,0,440,440,869,869,4,0,0,0,0,0,85500
120,4274,7,5,15,NA,1106,135,1241,1241,1241,4,0,2,569,0,116,199900
20,9450,4,5,67,0,552,342,894,894,894,5,0,2,400,0,0,110000
20,8816,5,6,58,0,651,470,1121,1121,1121,5,0,2,480,0,80,139000
85,12122,7,9,60,210,867,77,944,999,999,6,0,2,588,144,76,178400
60,12203,8,5,23,975,854,371,1225,1276,2612,8,1,3,676,250,0,336000
20,3182,7,5,14,16,0,1266,1266,1266,1266,6,1,2,388,100,16,159895
60,11250,8,5,19,0,0,1128,1128,1149,2290,9,1,2,779,0,0,255900
90,10125,5,5,44,0,0,0,0,1302,1734,8,0,2,539,0,0,126000
190,10880,5,5,71,0,1040,124,1164,1164,1164,5,0,1,240,0,48,125000
50,5310,6,8,111,0,0,485,485,1001,1635,5,0,1,255,394,0,117000
20,10159,9,5,12,450,1646,284,1930,1940,1940,8,1,3,606,168,95,395192
60,12046,6,6,45,298,156,692,848,1118,2030,8,1,2,551,0,224,195000
60,8125,7,5,15,0,0,770,770,778,1576,6,0,2,614,0,50,197000
60,9452,8,5,24,423,1074,322,1396,1407,2392,7,1,3,870,0,70,348000
70,17671,8,9,139,0,216,700,916,916,1742,8,1,2,424,0,169,168000
60,9760,6,8,57,340,536,169,822,1020,1851,7,1,2,440,239,42,187000
60,8846,6,5,16,0,0,750,750,750,1500,6,0,2,564,0,35,173900
20,12456,10,5,15,230,1172,528,1700,1718,1718,7,1,3,786,216,48,337500
50,4712,4,7,75,0,384,363,747,774,1230,5,0,1,305,0,57,121600
20,10659,5,6,60,0,915,135,1050,1050,1050,6,0,1,368,0,319,136500
20,11717,6,6,51,571,0,1442,1442,1442,1442,6,1,2,615,371,0,185000
30,9786,3,4,99,0,0,1007,1007,1077,1077,6,1,1,210,0,100,91000
20,6762,7,5,15,24,686,501,1187,1208,1208,6,0,2,632,105,61,206000
20,10206,3,3,69,0,0,0,0,944,944,4,0,2,528,0,0,82000
30,5400,5,6,101,0,0,691,691,691,691,4,0,1,216,0,20,86000
20,11957,8,5,15,53,24,1550,1574,1574,1574,7,1,3,824,144,104,232000
90,11500,5,6,45,164,0,1680,1680,1680,1680,8,0,2,528,0,0,136905
120,3182,7,5,16,16,16,1330,1346,1504,1504,7,1,2,457,156,0,181000
80,8385,5,8,44,220,595,390,985,985,985,6,0,1,328,210,0,149900
20,12155,6,3,51,0,1237,420,1657,1657,1657,7,1,2,484,0,0,163500
160,2217,4,4,51,0,273,0,546,546,1092,6,0,1,286,238,0,88000
20,12118,7,5,17,108,0,1710,1710,1710,1710,7,1,2,550,100,48,240000
50,6000,5,5,95,0,0,1008,1008,1008,1522,7,0,0,0,0,0,102000
50,21286,5,5,73,0,0,720,720,720,1271,7,1,1,312,0,0,135000
90,9825,5,5,56,0,0,0,0,1664,1664,8,0,0,0,0,0,100000
70,10592,6,7,98,0,0,602,602,900,1502,7,2,1,180,96,0,165000
30,7200,5,4,111,0,247,310,1022,1022,1022,4,0,1,280,0,30,85000
20,11664,6,5,73,206,336,746,1082,1082,1082,5,1,1,240,0,130,119200
60,8400,8,6,20,0,643,167,810,810,1665,6,0,2,528,0,45,227000
20,11883,7,5,25,196,690,814,1504,1504,1504,6,1,2,478,115,66,203000
120,5814,8,5,37,0,1036,184,1220,1360,1360,4,1,2,565,63,0,187500
80,10784,7,5,30,76,0,384,384,802,1472,7,1,2,402,164,0,160000
120,3013,7,5,16,145,16,1346,1362,1506,1506,6,1,2,440,142,20,213490
20,7024,4,5,16,0,1024,108,1132,1132,1132,5,0,2,451,252,64,176000
20,7406,7,5,15,84,684,515,1199,1220,1220,6,0,2,632,105,54,194000
50,9439,5,5,91,0,324,588,912,912,1248,6,0,1,160,0,0,87000
120,3182,7,5,16,14,16,1330,1346,1504,1504,7,1,2,437,156,20,191000
20,15498,8,6,45,0,1165,0,1565,2898,2898,10,1,2,665,0,72,287000
20,7700,5,5,49,0,138,276,882,882,882,5,0,2,461,96,0,112500
20,9300,5,5,61,324,697,571,1268,1264,1264,6,2,2,461,0,0,167500
20,9520,8,5,14,338,1513,125,1638,1646,1646,7,1,3,800,192,44,293077
50,9492,5,5,80,0,368,359,768,968,1376,6,1,1,240,0,0,105000
160,1680,6,7,49,281,317,355,672,672,1218,7,0,1,264,0,28,118000
190,7082,5,8,105,0,0,686,686,948,1928,10,0,0,0,0,0,160000
75,15863,7,3,101,0,523,301,824,1687,3082,12,2,2,672,136,63,197000
60,14541,8,7,28,0,1012,326,1338,1352,2520,10,1,3,796,209,55,310000
20,8125,7,5,19,295,986,668,1654,1654,1654,6,0,3,900,0,136,230000
30,6305,5,7,83,0,0,920,920,954,954,5,1,1,240,0,0,119750
20,11500,4,3,64,0,0,0,0,845,845,5,0,1,290,186,0,84000
20,12898,9,5,14,70,1022,598,1620,1620,1620,6,1,3,912,228,0,315500
60,9240,8,5,20,396,0,1055,1055,1055,2263,7,1,2,905,0,45,287000
160,1533,4,6,51,0,0,546,546,798,1344,6,1,0,0,0,0,97000
180,1477,4,4,51,0,509,121,630,630,630,3,0,1,286,0,0,80000
20,13125,5,4,64,67,168,284,1134,1803,1803,8,1,2,484,0,0,155000
60,9130,6,8,55,252,400,336,800,800,1632,7,0,2,484,0,40,173000
120,5381,6,5,16,135,900,406,1306,1306,1306,5,1,2,624,170,63,196000
60,11839,7,5,31,99,1085,390,1475,1532,2329,10,1,2,514,192,121,262280
20,9600,8,5,40,0,1104,1420,2524,2524,2524,9,1,2,542,474,120,278000
20,13680,3,5,66,0,0,0,0,1733,1733,8,1,2,452,0,0,139600
60,16056,9,5,16,208,240,1752,1992,1992,2868,11,1,3,716,214,108,556581
20,9245,5,5,27,0,686,304,990,990,990,5,0,2,672,0,0,145000
20,21750,5,4,61,75,0,0,0,1771,1771,9,1,2,336,0,0,115000
20,11100,4,7,75,0,0,0,0,930,930,6,0,1,308,0,0,84900
20,8993,7,5,14,0,0,1302,1302,1302,1302,6,0,2,436,0,22,176485
20,11175,7,5,14,0,0,1316,1316,1316,1316,6,1,2,440,0,20,200141
60,9500,6,6,57,272,442,374,816,1127,1977,9,1,2,540,0,52,165000
20,8562,5,6,64,145,383,833,1216,1526,1526,7,1,1,364,116,78,144500
60,11367,8,5,19,210,932,133,1065,1091,1989,7,1,2,586,199,60,255000
20,11361,6,5,45,160,644,549,1193,1523,1523,7,1,2,478,0,0,180000
120,7052,7,5,16,240,659,705,1364,1364,1364,6,1,2,484,192,36,185850
60,29959,7,6,27,0,595,378,973,979,1850,7,1,2,467,168,98,248000
60,11308,9,5,13,154,936,168,1104,1130,2184,10,1,3,836,0,102,335000
50,11275,6,7,89,480,297,0,854,1096,1991,7,1,2,432,0,0,220000
120,4920,8,5,20,0,616,722,1338,1338,1338,6,0,2,582,0,0,213500
30,18000,3,4,86,0,0,894,894,894,894,6,0,3,1248,0,20,81000
190,13600,5,5,121,0,0,662,662,1422,2337,10,0,2,560,0,57,90000
30,6000,6,6,96,0,397,706,1103,1103,1103,5,1,2,440,166,120,110500
20,11000,5,6,55,200,740,184,1154,1154,1154,6,1,2,480,0,58,154000
60,14000,7,5,25,0,1201,105,1306,1306,2260,7,0,2,533,296,44,328000
60,7837,6,7,28,0,0,799,799,799,1571,7,1,2,380,0,40,178000
60,9760,6,6,57,360,674,0,780,798,1611,7,0,2,442,328,128,167900
160,3964,6,4,48,0,837,105,942,1291,2521,10,1,2,576,728,20,151400
45,9600,5,7,72,0,220,625,845,893,893,4,0,2,576,0,0,135000
20,10152,5,5,65,120,586,462,1048,1048,1048,6,0,1,286,0,20,135000
60,11700,6,6,53,0,298,429,727,829,1556,8,0,2,441,0,0,154000
50,7585,5,3,73,0,0,810,810,1002,1456,7,1,1,280,0,0,91500
60,7950,6,6,44,140,535,155,690,698,1426,6,0,2,440,252,0,159500
20,8556,7,5,15,0,0,1240,1240,1240,1240,5,0,3,826,140,93,194000
70,13125,7,6,81,0,410,390,800,960,1740,6,2,1,240,0,0,219500
50,10800,5,8,85,0,626,170,796,1096,1466,7,1,2,566,436,21,170000
20,15870,5,5,52,0,75,230,1096,1096,1096,6,0,1,299,240,32,138800
120,4435,6,5,17,169,662,186,848,848,848,3,1,2,420,140,0,155900
20,8775,5,5,27,0,495,495,990,990,990,5,0,1,299,0,64,126000
20,11040,6,7,50,144,656,602,1258,1258,1258,5,0,2,528,55,0,145000
20,7500,5,5,58,0,824,216,1040,1040,1040,5,0,1,308,0,0,133000
20,8749,7,5,19,100,0,1459,1459,1459,1459,6,1,2,527,192,39,192000
20,8800,6,6,57,425,553,698,1251,1251,1251,6,2,1,461,0,116,160000
60,13031,6,5,26,0,592,99,691,691,1498,6,1,2,409,315,44,187500
85,9069,6,6,29,0,747,189,936,996,996,5,0,2,564,120,0,147000
160,1974,4,5,48,0,334,212,546,546,1092,6,0,1,286,120,96,83500
60,10574,8,5,16,0,0,1082,1082,1082,1953,9,1,3,1043,160,50,252000
160,2522,7,5,17,50,0,970,970,970,1709,7,0,2,380,0,40,137500
120,3316,8,5,16,0,1039,208,1247,1247,1247,4,1,2,550,0,84,197000
90,8544,3,4,71,0,0,0,0,1040,1040,6,0,2,400,0,0,92900
160,2160,7,5,22,212,510,90,600,624,1252,4,0,2,462,0,48,160000
50,8400,6,5,96,0,423,758,1181,1390,1694,7,1,2,576,342,0,136500
20,9230,5,8,56,166,661,203,864,1200,1200,6,0,2,884,0,64,146000
20,5868,5,7,65,0,248,448,936,936,936,4,0,1,308,0,0,129000
20,9317,6,5,15,0,24,1290,1314,1314,1314,6,1,2,440,0,22,176432
70,6882,6,7,107,0,0,684,684,773,1355,7,0,0,0,136,0,127000
120,3696,8,5,35,0,0,1074,1074,1088,1088,5,0,2,461,0,74,170000
50,6000,4,6,85,0,672,0,672,757,1324,6,0,1,240,0,0,128000
20,11880,7,5,43,206,704,567,1271,1601,1601,7,1,2,478,0,0,157000
30,8400,2,5,101,0,290,0,290,438,438,3,0,1,246,0,0,60000
20,9758,5,5,50,0,412,251,950,950,950,5,0,1,280,0,0,119500
20,7000,5,7,61,45,588,422,1010,1134,1134,6,0,1,254,0,16,135000
20,8910,6,6,62,0,655,0,655,1194,1194,6,1,2,539,0,0,159500
160,2016,5,5,51,304,0,630,630,630,1302,6,0,2,440,0,0,106000
60,12256,8,5,27,362,1032,431,1463,1500,2622,9,2,2,712,186,32,325000
20,10357,7,5,31,0,738,172,910,1442,1442,6,1,2,719,0,244,179900
60,23257,7,5,15,0,0,868,868,887,2021,9,1,2,422,0,100,274725
60,8063,6,5,21,0,0,924,924,948,1690,7,1,2,463,100,48,181000
20,11362,8,5,17,42,1039,797,1836,1836,1836,7,1,3,862,125,185,280000
60,8000,6,5,26,0,219,554,773,773,1658,8,1,2,431,224,84,188000
60,10480,7,6,45,660,403,400,803,1098,1964,8,1,2,483,0,69,205000
20,7100,5,7,64,0,708,108,816,816,816,5,0,1,308,0,0,129900
20,8923,5,7,68,0,643,365,1008,1008,1008,6,0,1,240,0,18,134500
20,5400,5,7,67,0,415,418,833,833,833,4,0,1,326,0,0,117000
20,12085,8,5,14,328,1004,730,1734,1734,1734,7,1,3,928,0,0,318000
80,7750,8,5,19,0,353,55,408,779,1419,7,1,2,527,120,0,184100
20,9764,5,7,54,0,702,192,894,894,894,5,0,2,450,0,0,130000
80,13825,5,6,63,0,0,533,533,1021,1601,6,0,1,300,280,34,140000
20,7560,5,5,62,0,369,671,1040,1040,1040,6,0,1,286,140,0,133700
30,8263,6,5,101,0,0,1012,1012,1012,1012,6,1,1,308,0,22,118400
20,10084,7,5,16,196,24,1528,1552,1552,1552,7,0,3,782,144,20,212900
20,8926,4,3,65,0,0,672,672,960,960,5,0,1,288,64,0,112000
20,9405,5,9,74,0,0,698,698,698,698,4,0,0,0,0,200,118000
80,9125,7,5,29,170,0,384,384,812,1482,7,1,2,392,100,25,163900
20,10434,4,5,66,0,0,1005,1005,1005,1005,5,1,2,672,0,0,115000
120,3684,7,5,14,130,0,1373,1373,1555,1555,7,1,3,660,143,20,174000
20,14572,7,5,17,0,1300,230,1530,1530,1530,7,1,3,630,144,36,259000
60,11796,7,5,17,0,0,847,847,847,1959,8,1,2,434,100,48,215000
90,7200,5,5,41,180,936,0,936,936,936,4,0,2,672,49,0,140000
50,7804,4,3,93,0,622,500,1122,1328,1981,7,2,2,576,431,44,135000
20,10712,5,5,30,0,212,762,974,974,974,5,0,0,0,0,28,93500
70,9900,6,4,141,0,0,1008,1008,1178,2210,8,0,1,205,0,48,117500
60,9828,8,5,26,0,584,544,1128,1142,2020,8,1,2,466,0,155,239500
60,8773,6,5,24,0,0,916,916,916,1600,7,1,2,460,100,38,169000
30,6180,6,5,95,0,0,960,960,986,986,5,1,1,180,0,128,102000
50,9600,6,5,71,0,280,752,1032,1032,1252,6,0,1,288,0,0,119000
50,6342,5,8,146,0,0,780,780,780,1020,6,0,0,0,0,0,94000
20,9819,6,5,44,0,1567,0,1567,1567,1567,5,2,2,714,264,32,196000
30,8731,5,5,101,0,645,270,915,1167,1167,6,1,2,495,0,0,144000
20,7350,5,7,70,0,852,100,952,952,952,4,0,2,840,0,0,139000
60,10304,5,7,45,44,381,399,780,1088,1868,9,1,2,484,448,96,197500
60,9965,8,5,15,340,1150,316,1466,1466,2828,11,1,3,1052,125,144,424870
20,9000,5,3,62,0,288,718,1006,1006,1006,5,0,0,0,0,24,80000
190,12180,4,4,80,0,348,324,672,672,924,5,0,1,280,0,0,80000
50,6240,5,6,93,0,0,1042,1042,1042,1576,8,1,1,225,0,0,149000
20,11200,6,5,36,85,1258,40,1298,1298,1298,5,1,2,403,165,26,180000
70,12000,7,7,80,0,275,429,704,860,1564,7,1,1,234,0,0,174500
50,5700,7,7,95,0,0,572,572,572,1111,5,1,1,288,0,0,116900
70,9000,7,9,101,0,624,26,650,832,1482,7,0,2,324,0,0,143000
20,8280,6,5,71,0,0,932,932,932,932,4,1,1,306,0,0,124000
20,17755,5,4,62,132,176,1290,1466,1466,1466,6,2,2,528,0,140,149900
20,14115,6,7,65,0,296,230,1073,1811,1811,6,1,2,470,0,0,230000
30,5890,6,8,91,0,538,278,816,816,816,5,0,1,432,0,0,120500
60,13700,7,6,56,288,454,410,864,902,1820,8,2,2,492,60,84,201800
20,10768,5,8,45,0,1157,280,1437,1437,1437,6,1,2,528,0,21,218000
80,9350,5,8,56,0,633,586,1219,1265,1265,6,1,2,502,0,92,179900
120,5001,7,5,14,166,904,410,1314,1314,1314,6,1,2,626,172,62,230000
20,11932,8,5,14,186,0,1580,1580,1580,1580,7,0,3,830,0,24,235128
60,9120,6,6,47,270,442,459,901,943,1876,8,1,2,540,0,69,185000
160,2280,6,5,43,0,311,544,855,855,1456,7,1,2,440,26,0,146000
20,14778,6,7,67,72,728,568,1296,1640,1640,7,1,2,924,108,0,224000
20,8724,5,5,53,0,492,402,894,894,894,5,1,2,450,0,0,129000
90,12900,4,4,52,0,1198,0,1198,1258,1258,6,0,2,400,120,0,108959
80,16157,5,7,43,0,680,289,1360,1432,1432,5,1,2,588,168,180,194000
20,9541,7,5,12,268,0,1502,1502,1502,1502,7,0,2,644,0,114,233170
20,10475,8,5,13,72,0,1694,1694,1694,1694,7,0,3,776,160,33,245350
60,10852,6,5,21,0,786,173,959,959,1671,7,1,2,472,0,38,173000
70,13728,6,7,86,0,626,501,1127,1236,2108,7,2,2,540,0,0,235000
60,35760,10,5,26,1378,1387,543,1930,1831,3627,10,1,3,807,361,76,625000
80,9880,6,6,44,0,522,574,1096,1118,1118,6,1,1,358,203,0,171000
20,9120,6,6,63,0,662,599,1261,1261,1261,6,1,2,433,0,0,163000
160,4017,7,5,15,0,0,625,625,625,1250,5,0,2,625,0,54,171900
50,18030,5,6,75,0,152,977,1598,1636,3086,12,1,0,0,122,0,200500
70,16560,6,8,89,0,503,449,952,1170,2345,9,1,2,360,0,0,239000
50,10678,8,5,29,337,700,983,1683,2129,2872,9,1,2,541,0,33,285000
20,6951,5,5,37,0,658,218,876,923,923,5,0,1,264,362,0,119500
50,3950,6,8,95,0,468,350,818,818,1224,5,0,1,210,0,0,115000
50,7681,5,6,100,0,0,731,731,820,1343,7,1,1,186,192,0,154900
20,8335,5,5,67,0,0,0,0,1124,1124,5,1,0,0,0,36,93000
60,11170,7,5,31,0,1216,0,1216,1298,2514,8,0,2,693,0,0,250000
120,5587,8,5,13,186,1480,120,1600,1652,1652,5,1,2,482,162,53,392500
60,15623,10,5,25,0,2096,300,2396,2411,4476,10,2,3,813,171,78,745000
30,10800,5,6,101,0,821,299,1120,1130,1130,5,1,2,720,229,0,120000
20,35133,5,4,58,226,1159,413,1572,1572,1572,5,2,3,995,0,263,186700
50,9738,5,7,97,0,392,392,784,949,1221,7,0,1,392,0,0,104900
190,10615,3,5,121,0,440,538,978,1014,1699,7,0,2,420,0,74,95000
20,12461,8,5,27,0,1456,168,1624,1624,1624,5,1,3,757,0,114,262000
60,8935,7,5,19,95,0,831,831,831,1660,7,0,2,493,144,68,195000
60,7500,7,5,22,0,0,994,994,1028,1804,7,1,2,442,140,60,189000
190,32463,4,4,60,149,1159,90,1249,1622,1622,7,1,4,1356,439,0,168000
160,2645,8,5,22,456,0,776,776,764,1441,5,0,2,492,206,0,174000
50,9600,5,8,96,0,0,702,702,842,1472,6,0,1,250,0,0,125000
120,4500,6,5,22,425,883,341,1224,1224,1224,5,0,2,402,0,304,165000
60,9364,6,7,52,143,371,292,663,663,1352,7,0,1,299,379,36,158000
60,8029,6,5,16,0,0,728,728,728,1456,8,0,2,400,100,24,176000
60,14054,7,5,15,0,0,879,879,879,1863,9,1,3,660,100,17,219210
75,8850,7,6,105,0,0,815,815,815,1690,7,1,1,225,0,0,144000
20,9100,7,5,20,0,0,1212,1212,1212,1212,6,0,2,573,356,0,178000
20,11235,4,5,58,51,547,504,1051,1382,1382,6,1,2,459,0,82,148000
20,9353,4,5,51,0,0,864,864,864,864,5,0,1,280,0,0,116050
60,10400,7,5,23,0,0,866,866,866,1779,6,0,2,546,198,36,197900
50,6000,5,8,96,0,0,884,884,884,1348,5,1,1,216,0,0,117000
20,9750,7,5,21,171,0,1630,1630,1630,1630,6,1,2,451,74,234,213000
20,10140,5,6,46,0,788,268,1056,1074,1074,6,0,2,495,0,88,153500
20,14684,7,7,31,234,485,1496,2158,2196,2196,7,1,3,701,84,70,271900
20,8900,4,4,55,0,1056,0,1056,1056,1056,5,0,1,384,0,42,107000
20,9135,6,5,18,120,340,1342,1682,1700,1700,7,0,2,544,192,23,200000
20,7763,5,7,59,0,504,319,931,1283,1283,6,0,2,506,0,0,140000
20,10182,8,5,15,420,1220,440,1660,1660,1660,8,1,2,500,322,50,290000
60,11218,6,5,29,0,0,1055,1055,1055,1845,8,1,2,462,635,104,189000
50,12134,8,7,33,0,427,132,559,1080,1752,8,0,2,492,325,12,164000
30,9340,4,6,80,0,344,328,672,672,672,4,0,1,234,0,113,113000
80,10246,4,9,56,0,648,0,648,960,960,3,0,1,364,88,0,145000
85,10205,5,5,59,0,784,141,925,999,999,6,0,1,300,150,72,134500
20,7094,5,5,55,0,180,340,894,894,894,5,0,1,384,0,0,125000
90,8930,6,5,43,0,0,0,0,1318,1902,8,0,2,539,0,0,112000
20,8640,8,5,12,72,936,364,1300,1314,1314,6,0,2,552,135,112,229456
50,6240,4,5,74,0,0,0,0,672,912,3,0,0,0,0,0,80500
160,1680,6,5,50,236,0,672,672,672,1218,7,0,0,0,201,0,91500
20,7800,5,5,57,0,312,0,912,912,912,5,0,1,288,0,0,115000
20,8250,5,5,53,0,250,210,952,1211,1211,5,1,1,322,0,63,134000
50,10496,6,6,72,320,196,844,1040,1168,1846,7,1,1,315,0,0,143000
20,10680,5,3,70,44,756,1380,2136,2136,2136,7,0,2,528,0,30,137900
60,15384,7,5,17,0,724,64,788,788,1490,8,1,2,388,100,75,184000
80,10482,6,8,63,63,507,81,588,1138,1138,6,0,1,264,224,0,145000
60,14598,6,5,14,74,0,894,894,894,1933,9,1,3,668,100,18,214000
20,8872,5,8,56,300,595,317,912,912,912,5,0,2,576,0,240,147000
120,8769,9,5,13,766,1540,162,1702,1702,1702,7,1,3,1052,0,72,367294
80,7910,5,5,61,0,666,409,1075,1507,1507,7,0,1,404,0,0,127000
90,18890,5,5,44,1,498,652,1361,1361,2620,12,1,2,600,155,24,190000
90,7728,5,6,59,120,803,303,1106,1190,1190,6,0,2,540,0,18,132500
90,9842,4,5,59,0,0,0,0,1224,1224,6,0,2,462,0,0,101800
20,12160,5,5,62,180,1000,188,1188,1188,1188,6,0,2,531,0,0,142000
70,8525,5,6,110,0,0,940,940,1024,1964,7,0,0,0,0,192,130000
70,13132,5,5,107,0,0,747,747,892,1784,9,0,1,180,203,40,138887
160,2628,7,5,18,106,0,764,764,764,1626,6,0,2,474,0,27,175500
60,12393,7,5,17,0,0,847,847,847,1948,8,1,2,434,100,48,195000
20,13072,6,5,16,0,0,1141,1141,1141,1141,6,0,2,484,0,0,142500
20,9037,8,5,15,32,428,1048,1476,1484,1484,6,1,2,472,120,33,265900
60,8158,7,5,18,252,550,334,884,884,1768,8,0,2,543,0,63,224900
20,9849,7,6,14,0,0,1689,1689,1689,1689,7,0,3,954,0,56,248328
85,10625,7,6,47,81,885,0,1053,1173,1173,6,2,2,528,0,120,170000
20,13891,10,5,15,NA,1386,690,2076,2076,2076,7,1,3,850,216,229,465000
70,11435,8,7,92,0,0,792,792,792,1517,7,2,2,400,0,0,230000
80,12090,6,7,37,74,0,585,585,1140,1868,7,1,2,477,268,112,178000
60,8125,7,5,16,0,0,756,756,756,1553,6,0,2,615,0,45,186500
80,12328,6,5,45,335,539,473,1012,1034,1034,6,0,3,888,0,0,169900
75,9600,6,5,104,0,319,416,735,1134,2058,8,1,2,396,0,0,129500
20,7200,5,7,71,0,534,246,876,988,988,6,0,1,276,0,80,119000
20,11160,7,5,53,0,1065,1045,2110,2110,2110,8,2,2,522,0,0,244000
120,3136,7,5,18,163,0,1405,1405,1405,1405,6,1,2,478,148,36,171750
20,9858,5,6,53,0,510,354,864,874,874,5,0,1,288,33,0,130000
60,17542,7,7,47,0,125,36,1192,1516,2167,9,2,2,518,220,47,294000
60,6931,7,5,18,92,0,746,746,760,1656,7,1,2,397,178,128,165400
50,6240,6,6,90,0,425,459,884,959,1367,6,1,1,560,0,0,127500
20,14303,8,5,27,554,1314,672,1986,1987,1987,7,1,2,691,262,36,301500
30,4060,5,8,99,0,0,864,864,864,864,4,0,0,0,0,96,99900
80,9587,7,5,16,182,655,201,856,1166,1166,5,0,2,400,212,0,190000
20,9750,6,8,52,0,602,14,1054,1054,1054,6,0,2,460,180,0,151000
60,24682,6,5,22,0,0,841,841,892,1675,7,1,2,502,0,103,181000
20,9600,5,6,65,0,504,546,1050,1050,1050,5,0,1,338,0,0,128900
50,11250,4,5,64,0,0,1104,1104,1104,1788,8,2,1,304,120,0,161500
70,13515,6,6,102,0,0,764,764,1060,1824,8,1,2,520,0,0,180500
120,4060,6,5,23,0,266,1139,1405,1337,1337,5,0,2,511,144,68,181000
160,3735,7,5,22,218,450,241,691,713,1452,6,0,2,506,0,34,183900
190,10120,7,4,111,0,0,925,925,964,1889,9,1,1,308,0,0,122000
20,13214,9,5,13,0,0,2002,2002,2018,2018,10,1,3,746,144,76,378500
50,14100,8,9,86,632,192,536,728,1968,3447,11,2,3,1014,314,12,381000
50,11344,5,5,63,180,460,414,874,874,1524,7,0,1,315,0,0,144000
40,23595,7,6,42,0,1258,74,1332,1332,1524,4,1,2,586,268,0,260000
20,9156,6,7,53,0,0,1489,1489,1489,1489,7,1,2,462,0,0,185750
20,13526,5,6,56,114,560,0,935,935,935,5,0,1,288,180,0,137000
80,11512,6,7,62,84,719,300,1019,1357,1357,5,1,1,312,0,0,177000
50,5362,5,6,111,0,0,661,661,661,1250,8,1,2,552,242,0,139000
90,11345,5,5,73,567,220,708,928,928,1920,10,0,2,400,0,0,137000
60,12936,6,6,49,0,593,130,723,735,1395,6,1,2,497,294,116,162000
80,17871,6,5,54,359,528,1152,1680,1724,1724,7,1,2,480,0,0,197900
60,9473,8,5,19,NA,804,324,1128,1128,2031,7,1,2,577,0,211,237000
50,7500,4,4,101,0,0,698,698,698,1128,6,0,2,528,30,0,68400
20,9808,7,5,19,110,788,785,1573,1573,1573,6,0,2,544,0,72,227000
20,8049,7,5,31,54,1053,256,1309,1339,1339,6,1,2,484,0,58,180000
20,8800,5,7,44,0,532,364,1040,1040,1040,5,0,2,484,0,0,150500
90,9400,6,5,50,0,0,912,912,912,1824,8,0,0,0,128,0,139000
50,9638,6,7,102,0,0,804,804,1699,2447,10,1,1,336,272,0,169000
50,6000,6,6,82,0,0,780,780,825,1412,6,1,1,280,45,0,132500
20,9790,6,5,58,451,569,678,1328,1328,1328,6,2,2,528,0,26,143000
20,36500,5,5,57,621,812,812,1624,1582,1582,7,0,2,390,168,198,190000
120,5664,8,5,21,0,1158,343,1501,1659,1659,5,1,2,499,212,59,278000
60,11065,8,5,15,788,0,1085,1085,1120,1970,8,1,3,753,177,74,281000
80,14112,5,7,57,86,1014,138,1152,1152,1152,6,1,2,484,227,0,180500
160,1680,5,7,49,268,231,399,630,630,1302,6,0,1,264,185,0,119500
70,6600,5,4,129,0,0,994,994,1378,2372,11,0,1,432,0,287,107500
60,10140,7,5,45,0,194,638,832,832,1664,8,1,2,528,0,28,162900
20,8172,5,7,66,0,167,697,864,864,864,5,0,2,572,0,0,115000
20,8400,5,5,53,168,1016,36,1052,1052,1052,5,0,1,288,356,0,138500
20,8700,5,6,58,148,776,344,1120,1128,1128,6,0,2,525,192,20,155000
180,3675,6,5,16,82,547,0,547,1072,1072,5,0,2,525,0,44,140000
60,63887,10,5,13,796,5644,466,6110,4692,5642,12,3,2,1418,214,292,160000
20,7500,5,7,62,0,340,0,1246,1246,1246,6,0,1,305,218,0,154000
60,10762,7,5,22,344,694,284,978,1005,1983,9,1,2,490,0,0,225000
70,7500,6,7,79,0,547,224,771,753,1494,7,2,1,213,0,0,177500
60,10120,8,5,27,391,740,425,1165,1203,2526,8,1,3,844,309,78,290000
20,8688,7,5,16,228,0,1616,1616,1616,1616,7,0,3,834,208,59,232000
160,3363,7,5,17,117,0,976,976,976,1708,7,0,2,380,0,40,130000
20,13173,9,5,15,300,1572,80,1652,1652,1652,6,2,2,840,404,102,325000
120,6955,7,5,16,94,0,1368,1368,1368,1368,6,1,2,474,132,35,202500
20,8072,5,5,27,0,746,244,990,990,990,5,0,2,480,0,64,138000
20,12000,5,7,73,0,144,172,924,1122,1122,6,0,2,528,0,36,147000
20,7153,6,5,30,88,1200,78,1278,1294,1294,6,0,2,496,112,51,179200
20,17500,7,8,62,0,1406,496,1902,1902,1902,7,2,2,567,0,207,335000
20,8814,7,5,16,80,925,349,1274,1274,1274,6,0,2,508,264,98,203000
60,9572,8,5,31,336,482,971,1453,1453,2810,9,1,2,750,500,0,302000
60,14774,9,5,22,165,0,1393,1393,1422,2599,10,1,3,779,668,30,333168
20,8190,4,6,67,0,732,216,948,948,948,5,1,1,280,0,36,119000
60,11075,6,5,52,0,500,176,952,1092,2112,9,2,2,576,280,0,206900
20,10226,8,5,13,270,0,1622,1622,1630,1630,8,1,3,860,172,42,295493
120,4230,7,5,15,0,0,1352,1352,1352,1352,5,1,2,466,0,241,208900
20,14781,8,5,20,178,0,1753,1753,1787,1787,7,1,3,748,198,150,275000
20,10215,4,5,67,132,492,372,864,948,948,5,0,1,248,0,0,111000
20,8400,6,3,64,0,189,628,1478,1478,1478,6,2,2,442,114,0,156500
20,6627,3,6,72,0,0,0,0,720,720,4,0,1,287,0,0,72500
60,10186,7,5,29,0,674,76,750,1061,1923,8,1,2,564,240,39,190000
30,5330,4,7,81,0,280,140,420,708,708,5,0,0,0,164,0,82500
20,9986,8,5,15,428,0,1795,1795,1795,1795,7,1,3,895,0,49,147000
30,3636,4,4,99,0,0,796,796,796,796,5,0,0,0,0,0,55000
30,4270,3,6,90,0,544,0,544,774,774,6,0,0,0,0,0,79000
20,6600,5,9,39,0,641,175,816,816,816,5,1,1,264,0,0,130500
50,10440,6,7,101,0,493,1017,1510,1584,2792,8,2,2,520,0,547,256000
60,9084,7,5,23,0,0,935,935,955,1632,8,1,2,462,0,28,176500
20,10000,8,5,15,410,0,1588,1588,1588,1588,7,1,3,825,144,45,227000
80,10780,5,5,45,0,483,428,911,954,954,6,0,2,576,0,0,132500
20,8877,4,6,83,0,690,126,816,816,816,3,1,1,288,0,0,100000
50,7200,5,6,83,0,0,803,803,803,1360,6,0,1,297,0,65,125500
160,2368,5,6,51,312,765,0,765,765,1365,7,0,2,440,0,36,125000
20,9650,6,5,44,360,686,664,1350,1334,1334,6,1,2,630,0,16,167900
90,9246,5,5,48,564,0,1656,1656,1656,1656,8,0,2,506,0,211,135000
30,4118,4,4,80,0,0,693,693,693,693,4,0,0,0,0,20,52500
60,13450,7,5,19,0,700,216,916,920,1861,8,0,2,492,146,91,200000
20,9560,5,7,49,0,360,504,864,864,864,5,0,1,288,0,0,128500
20,8294,4,5,50,0,0,858,858,872,872,5,0,4,480,0,0,123000
20,13695,6,5,18,0,814,300,1114,1114,1114,6,0,2,576,0,78,155000
60,9375,8,5,19,149,0,1284,1284,1284,2169,7,1,2,647,192,87,228500
50,7558,6,6,93,0,0,896,896,1172,1913,9,1,2,342,0,0,177000
60,11103,7,5,15,0,0,728,728,728,1456,8,1,2,440,0,0,155835
30,6000,4,4,101,0,250,710,960,960,960,5,0,1,308,0,0,108500
20,20781,7,7,53,0,297,1203,1568,2156,2156,9,1,2,508,0,80,262500
20,15306,8,5,15,100,80,1652,1732,1776,1776,7,1,3,712,0,0,283463
20,16196,7,5,23,0,1443,39,1482,1494,1494,5,1,2,514,402,25,215000
70,5250,8,5,149,0,259,425,684,938,2358,8,0,0,0,0,54,122000
90,11643,5,5,52,368,500,748,1248,1338,2634,12,0,4,968,0,0,200000
60,9247,6,6,59,318,319,539,858,858,1716,8,1,2,490,0,84,171000
50,6000,6,9,84,0,0,698,698,786,1176,4,0,2,624,210,0,134900
50,14720,8,5,26,579,816,1217,2033,2053,3238,9,1,3,666,283,86,410000
60,10316,7,5,21,0,735,257,992,992,1865,7,1,3,839,0,184,235000
80,10192,7,6,53,143,0,570,570,1222,1920,8,1,2,487,0,98,170000
20,9477,5,5,55,65,340,524,864,892,892,5,0,1,264,0,0,110000
20,12537,5,6,50,0,734,344,1078,1078,1078,6,1,2,500,0,0,149900
160,2117,6,5,21,216,378,378,756,769,1573,5,0,2,440,0,32,177500
20,16737,9,5,17,66,1447,533,1980,1980,1980,8,1,3,770,194,45,315000
70,9842,5,6,100,0,0,612,612,990,2601,8,0,2,621,183,0,189000
20,16158,7,5,16,16,1274,256,1530,1530,1530,7,1,2,430,168,36,260000
50,12513,4,4,101,0,0,715,715,1281,1738,7,1,1,368,55,0,104900
60,8499,6,5,15,0,0,616,616,616,1412,6,1,2,432,0,36,156932
160,3180,7,5,16,0,0,600,600,520,1200,4,0,2,480,0,166,144152
60,7500,7,5,21,0,533,281,814,814,1674,7,0,2,663,0,96,216000
60,9179,7,5,22,158,633,240,873,882,1790,7,0,2,588,0,88,193000
160,2665,5,6,44,0,548,36,757,925,1475,6,1,1,336,104,26,127000
120,4435,6,5,18,170,685,163,848,848,848,4,0,2,420,140,0,144000
20,10635,8,5,18,171,370,315,1657,1668,1668,8,1,2,502,0,262,232000
50,5400,4,6,101,0,315,420,840,840,1374,6,0,1,338,0,0,105000
80,9600,6,6,66,0,831,161,992,1661,1661,8,1,1,377,0,28,165500
60,9750,7,6,23,0,975,133,1108,1108,2097,8,1,2,583,253,170,274300
20,11400,10,5,20,705,1282,1351,2633,2633,2633,8,2,3,804,314,140,466500
60,10625,7,5,16,0,0,1026,1026,1026,1958,9,1,3,936,154,210,250000
20,10991,8,5,14,80,0,1571,1571,1571,1571,7,1,3,722,100,36,239000
30,6292,6,5,91,0,384,384,768,790,790,4,0,1,160,0,141,91000
50,10998,5,5,80,0,408,156,984,984,1604,6,0,2,660,0,68,117000
160,1953,6,5,48,408,309,174,483,483,987,5,0,1,264,72,0,83000
80,9735,5,5,15,0,0,384,384,754,1394,7,0,2,400,100,0,167500
30,8212,3,3,107,0,203,661,864,864,864,5,0,1,200,0,0,58500
20,12925,6,7,51,0,865,340,1205,2117,2117,7,2,2,550,0,42,237500
70,7200,7,7,101,0,0,596,596,998,1762,8,0,2,576,36,0,157000
30,25339,5,7,103,0,0,816,816,1416,1416,7,0,2,576,0,0,112000
50,9060,6,5,82,0,204,356,560,698,1258,6,0,1,280,0,0,105000
50,5436,4,8,99,0,735,61,796,796,1154,7,0,1,240,0,96,125500
60,16692,7,5,43,184,790,133,1392,1392,2784,12,2,2,564,0,112,250000
50,8520,6,7,105,0,168,0,714,1664,2526,10,1,1,216,88,15,136000
20,14892,9,5,15,160,1320,426,1746,1746,1746,7,2,3,758,201,39,377500
50,6000,6,6,80,0,375,360,735,869,1218,6,1,2,440,0,0,131000
20,9100,7,5,21,244,1400,125,1525,1525,1525,6,0,2,541,219,36,235000
90,8944,5,5,54,0,0,1584,1584,1584,1584,8,0,3,792,0,152,124000
85,7838,5,5,54,0,769,95,864,900,900,6,1,1,288,175,144,123000
190,10800,6,7,116,0,0,482,482,1221,1912,7,1,2,672,0,25,163000
120,4045,7,5,15,45,1070,286,1356,1500,1500,6,1,3,648,161,20,246578
60,12665,8,5,16,245,0,1094,1094,1133,2482,9,1,3,642,144,39,281213
20,57200,5,5,73,0,353,60,747,1687,1687,7,2,2,572,0,0,160000
70,6120,5,8,101,0,0,939,939,939,1513,8,0,1,180,24,0,137500
50,7200,5,4,71,0,180,676,1208,1136,1904,7,0,1,240,0,0,138000
50,6171,6,6,96,0,264,712,976,1160,1608,7,1,1,216,147,16,137450
50,6000,6,7,92,0,0,862,862,950,1158,5,1,1,208,0,0,120000
60,7415,6,5,17,0,759,80,839,864,1593,8,1,2,398,100,75,193000
20,6762,7,5,15,0,0,1286,1286,1294,1294,6,1,2,662,168,55,193879
20,15256,8,5,14,84,929,556,1485,1464,1464,6,0,3,754,168,160,282922
50,10410,3,4,106,0,0,672,672,694,1214,6,0,3,936,216,0,105000
120,3842,8,5,17,174,1373,221,1594,1646,1646,5,1,2,482,128,53,275000
85,8445,5,7,49,0,656,112,768,768,768,5,0,2,396,58,0,133000
20,8780,5,5,36,0,625,208,833,833,833,5,0,0,0,0,0,112000
70,7740,4,7,111,0,0,622,622,741,1363,6,0,2,528,0,0,125500
60,20544,7,6,35,123,0,791,791,1236,2093,7,1,2,542,364,63,215000
60,12420,7,5,20,0,666,278,944,944,1840,6,0,2,622,0,45,230000
50,9600,6,8,71,0,120,736,856,1112,1668,6,0,1,271,0,0,140000
90,7200,4,5,72,0,0,0,0,1040,1040,6,0,2,420,0,0,90000
20,10994,8,5,16,366,976,868,1844,1844,1844,7,1,2,620,165,44,257000
50,13053,6,7,98,0,0,833,833,1053,1848,8,1,2,370,0,0,207000
120,3635,7,5,14,130,988,398,1386,1569,1569,7,1,3,660,143,20,175900
190,11340,4,6,136,0,0,777,777,1246,2290,11,0,2,560,0,0,122500
60,16545,8,5,23,731,781,503,1284,1310,2450,7,1,3,1069,0,126,340000
20,9204,5,5,58,0,25,247,1144,1144,1144,6,0,1,336,0,88,124000
20,16381,6,5,52,312,1110,734,1844,1844,1844,7,1,2,540,0,73,223000
60,11700,6,6,53,420,404,304,708,708,1416,7,1,2,776,0,169,179900
120,4043,6,5,44,0,360,709,1069,1069,1069,4,1,2,440,0,55,127500
120,4435,6,5,18,170,686,162,848,848,848,3,0,2,420,140,0,136500
80,19690,6,7,55,0,0,697,697,1575,2201,8,1,2,432,586,236,274970
20,9503,5,5,63,0,457,193,1024,1344,1344,6,1,1,484,316,28,144000
20,10721,6,6,62,243,0,1252,1252,1252,1252,7,0,2,528,0,39,142000
60,10944,7,5,27,448,1000,223,1223,1223,2127,5,2,2,525,171,132,271000
50,10930,5,6,76,0,580,333,913,1048,1558,6,1,1,288,0,0,140000
30,7200,5,7,81,294,510,278,788,804,804,4,2,1,240,0,0,119000
20,12546,6,7,40,310,678,762,1440,1440,1440,7,1,2,467,0,0,182900
60,21930,5,5,16,0,0,732,732,734,1838,7,1,2,372,100,40,192140
120,4928,6,6,45,0,958,0,958,958,958,5,0,2,440,0,60,143750
30,10800,4,6,94,0,0,656,656,968,968,5,0,1,216,0,0,64500
60,10261,6,5,21,318,0,936,936,962,1792,8,1,2,451,0,0,186500
20,17400,5,5,44,0,936,190,1126,1126,1126,5,1,2,484,295,41,160000
20,8400,6,9,59,237,0,1319,1319,1537,1537,7,1,2,462,0,36,174000
20,9000,4,6,50,0,616,248,864,864,864,5,0,2,528,0,0,120500
20,12444,8,5,13,426,1336,596,1932,1932,1932,7,1,3,774,0,66,394617
20,7407,6,7,64,0,600,312,912,1236,1236,6,0,2,923,0,158,149700
60,11584,7,6,42,96,315,114,539,1040,1725,6,1,2,550,0,88,197000
70,11526,6,7,99,0,0,588,588,1423,2555,11,1,2,672,431,0,191000
120,4426,6,5,17,147,697,151,848,848,848,3,1,2,420,149,0,149300
60,11003,10,5,13,160,765,252,1017,1026,2007,10,1,3,812,168,52,310000
30,8854,6,6,105,0,0,952,952,952,952,4,1,1,192,0,98,121000
20,8500,7,5,17,106,0,1422,1422,1422,1422,7,0,2,626,192,60,179600
85,8400,6,5,55,0,187,0,814,913,913,6,0,1,240,0,0,129000
20,26142,5,7,59,189,593,595,1188,1188,1188,6,0,1,312,261,39,157900
60,10000,8,5,26,438,1079,141,1220,1220,2090,8,1,2,556,0,65,240000
50,11767,4,7,111,0,0,560,560,796,1346,6,0,1,384,168,24,112000
180,1533,5,7,51,0,553,77,630,630,630,3,0,0,0,0,0,92000
90,9000,5,5,47,0,0,896,896,896,1792,8,0,0,0,32,45,136000
20,9262,8,5,13,194,0,1573,1573,1578,1578,7,1,3,840,0,36,287090
180,3675,5,5,16,80,547,0,547,1072,1072,5,0,2,525,0,28,145000
20,17217,5,5,15,0,0,1140,1140,1140,1140,6,0,0,0,36,56,84500
20,7500,7,5,17,0,410,811,1221,1221,1221,6,0,2,400,0,113,185000
60,7917,6,5,22,0,0,953,953,953,1647,7,1,2,460,0,40,175000
20,13175,6,6,43,119,790,589,1542,2073,2073,7,2,2,500,349,0,210000
70,9042,7,9,80,0,275,877,1152,1188,2340,9,2,1,252,0,60,266500
20,9717,5,6,71,0,49,0,1078,1078,1078,5,0,1,240,366,0,142125
20,9937,5,6,56,0,830,136,1256,1256,1256,6,0,1,276,736,68,147500
